frame,face_id,timestamp,confidence,success,AU01_r,AU02_r,AU04_r,AU05_r,AU06_r,AU07_r,AU09_r,AU10_r,AU12_r,AU14_r,AU15_r,AU17_r,AU20_r,AU23_r,AU25_r,AU26_r,AU45_r,AU01_c,AU02_c,AU04_c,AU05_c,AU06_c,AU07_c,AU09_c,AU10_c,AU12_c,AU14_c,AU15_c,AU17_c,AU20_c,AU23_c,AU25_c,AU26_c,AU28_c,AU45_c
1,0,0.000,0.98,1,0.44,0.00,0.57,0.00,0.00,0.00,0.00,0.35,0.03,0.71,0.17,1.18,0.04,0.00,1.54,2.21,0.33,1.00,0.00,1.00,0.00,0.00,0.00,0.00,0.00,0.00,0.00,0.00,0.00,0.00,0.00,1.00,1.00,0.00,0.00
2,0,0.200,0.98,1,0.36,0.00,0.46,0.00,0.00,0.00,0.00,0.30,0.17,0.37,0.06,1.13,0.05,0.00,1.10,1.67,0.13,1.00,0.00,0.00,0.00,0.00,0.00,0.00,0.00,0.00,0.00,0.00,0.00,0.00,0.00,0.00,1.00,0.00,0.00
3,0,0.400,0.98,1,0.28,0.00,0.30,0.00,0.00,0.00,0.00,0.29,0.25,0.30,0.00,1.03,0.03,0.00,0.94,1.50,0.02,1.00,0.00,0.00,0.00,0.00,0.00,0.00,0.00,0.00,0.00,0.00,0.00,0.00,0.00,0.00,1.00,0.00,0.00
4,0,0.600,0.98,1,0.19,0.00,0.19,0.00,0.00,0.00,0.00,0.36,0.32,0.31,0.00,1.09,0.10,0.00,1.06,1.72,0.00,1.00,0.00,0.00,0.00,0.00,0.00,0.00,0.00,0.00,0.00,0.00,0.00,0.00,0.00,0.00,1.00,0.00,0.00
5,0,0.800,0.98,1,0.12,0.00,0.13,0.00,0.00,0.00,0.00,0.41,0.30,0.28,0.03,1.15,0.08,0.08,1.09,1.89,0.00,1.00,0.00,0.00,0.00,0.00,0.00,0.00,0.00,0.00,0.00,0.00,0.00,0.00,0.00,0.00,1.00,0.00,0.00
6,0,1.000,0.98,1,0.17,0.11,0.37,0.00,0.00,0.00,0.00,0.45,0.30,0.25,0.09,1.28,0.08,0.08,1.05,1.88,0.20,1.00,0.00,0.00,0.00,0.00,0.00,0.00,0.00,0.00,0.00,0.00,0.00,0.00,0.00,0.00,1.00,0.00,0.00
7,0,1.200,0.98,1,0.25,0.11,0.55,0.00,0.00,0.00,0.00,0.48,0.25,0.24,0.13,1.32,0.02,0.08,0.94,1.88,0.29,1.00,0.00,1.00,0.00,0.00,0.00,0.00,0.00,0.00,0.00,0.00,0.00,0.00,0.00,0.00,1.00,0.00,0.00
8,0,1.400,0.98,1,0.20,0.11,0.74,0.00,0.00,0.00,0.00,0.40,0.25,0.37,0.26,1.25,0.11,0.00,0.92,1.72,0.29,1.00,0.00,1.00,0.00,0.00,0.00,0.00,0.00,0.00,0.00,0.00,0.00,0.00,0.00,0.00,1.00,0.00,0.00
9,0,1.600,0.98,1,0.17,0.00,0.55,0.00,0.00,0.00,0.00,0.30,0.27,0.32,0.19,1.22,0.26,0.02,0.93,1.64,0.09,0.00,0.00,1.00,0.00,0.00,0.00,0.00,0.00,0.00,0.00,0.00,0.00,0.00,0.00,0.00,1.00,0.00,0.00
10,0,1.800,0.98,1,0.09,0.00,0.36,0.00,0.00,0.00,0.00,0.21,0.30,0.34,0.16,1.10,0.32,0.04,0.85,1.49,0.00,0.00,0.00,1.00,0.00,0.00,0.00,0.00,0.00,0.00,0.00,0.00,0.00,0.00,0.00,0.00,1.00,0.00,0.00
11,0,2.000,0.98,1,0.09,0.00,0.30,0.00,0.00,0.00,0.00,0.28,0.34,0.32,0.10,1.10,0.34,0.04,0.82,1.39,0.12,0.00,0.00,1.00,0.00,0.00,0.00,0.00,0.00,0.00,0.00,0.00,0.00,0.00,0.00,0.00,1.00,0.00,0.00
12,0,2.200,0.98,1,0.04,0.00,0.35,0.00,0.00,0.00,0.00,0.41,0.32,0.33,0.15,1.23,0.18,0.02,0.68,1.37,0.16,0.00,0.00,1.00,0.00,0.00,0.00,0.00,0.00,0.00,0.00,0.00,0.00,0.00,0.00,0.00,1.00,0.00,0.00
13,0,2.400,0.98,1,0.14,0.02,0.39,0.00,0.00,0.00,0.00,0.48,0.33,0.31,0.15,1.44,0.12,0.00,0.71,1.12,0.16,0.00,0.00,1.00,0.00,0.00,0.00,0.00,0.00,0.00,0.00,0.00,0.00,0.00,0.00,0.00,0.00,0.00,0.00
14,0,2.600,0.98,1,0.14,0.02,0.36,0.00,0.02,0.00,0.00,0.52,0.31,0.42,0.04,1.55,0.00,0.00,0.52,1.03,0.04,0.00,0.00,1.00,0.00,0.00,0.00,0.00,0.00,0.00,0.00,0.00,0.00,0.00,0.00,0.00,0.00,0.00,0.00
15,0,2.800,0.98,1,0.12,0.02,0.28,0.00,0.04,0.00,0.00,0.58,0.38,0.56,0.00,1.64,0.00,0.01,0.49,0.98,0.00,0.00,0.00,1.00,0.00,0.00,0.00,0.00,0.00,0.00,0.00,0.00,0.00,0.00,0.00,0.00,0.00,0.00,0.00
16,0,3.000,0.98,1,0.05,0.00,0.45,0.00,0.04,0.00,0.00,0.67,0.47,0.70,0.01,1.75,0.00,0.01,0.33,1.15,0.69,0.00,0.00,1.00,0.00,0.00,0.00,0.00,0.00,0.00,0.00,1.00,1.00,0.00,0.00,0.00,0.00,0.00,0.00
17,0,3.200,0.98,1,0.08,0.00,0.54,0.00,0.02,0.00,0.00,0.73,0.54,0.74,0.11,1.78,0.00,0.01,0.37,1.21,0.97,0.00,0.00,1.00,0.00,0.00,0.00,0.00,0.00,0.00,0.00,1.00,1.00,0.00,0.00,0.00,0.00,0.00,0.00
18,0,3.400,0.98,1,0.09,0.00,0.71,0.00,0.00,0.00,0.00,0.73,0.57,0.70,0.15,1.74,0.00,0.00,0.39,1.15,1.18,0.00,0.00,1.00,0.00,0.00,0.00,0.00,0.00,0.00,0.00,1.00,1.00,0.00,0.00,0.00,0.00,0.00,0.00
19,0,3.600,0.98,1,0.11,0.00,0.66,0.00,0.00,0.00,0.00,0.75,0.54,0.59,0.28,1.78,0.00,0.00,0.45,1.00,0.54,0.00,0.00,1.00,0.00,0.00,0.00,0.00,0.00,0.00,0.00,1.00,1.00,0.00,0.00,0.00,0.00,0.00,0.00
20,0,3.800,0.98,1,0.14,0.00,0.62,0.00,0.00,0.00,0.00,0.70,0.46,0.47,0.26,1.84,0.00,0.00,0.57,0.91,0.37,0.00,0.00,1.00,0.00,0.00,0.00,0.00,0.00,0.00,0.00,1.00,1.00,0.00,0.00,0.00,0.00,0.00,0.00
21,0,4.000,0.98,1,0.13,0.00,0.63,0.00,0.00,0.00,0.00,0.72,0.44,0.40,0.32,1.87,0.00,0.00,0.52,0.89,0.17,0.00,0.00,1.00,0.00,0.00,0.00,0.00,0.00,0.00,0.00,1.00,1.00,0.00,0.00,0.00,0.00,0.00,0.00
22,0,4.200,0.98,1,0.16,0.00,0.55,0.00,0.00,0.00,0.00,0.70,0.40,0.30,0.18,1.80,0.00,0.01,0.52,0.84,0.12,0.00,0.00,1.00,0.00,0.00,0.00,0.00,0.00,0.00,0.00,1.00,1.00,0.00,0.00,0.00,0.00,0.00,0.00
23,0,4.400,0.98,1,0.14,0.00,0.49,0.00,0.00,0.00,0.00,0.70,0.37,0.20,0.21,1.72,0.00,0.01,0.49,0.78,0.01,0.00,0.00,1.00,0.00,0.00,0.00,0.00,0.00,0.00,0.00,1.00,1.00,0.00,0.00,0.00,0.00,0.00,0.00
24,0,4.600,0.98,1,0.11,0.00,0.32,0.00,0.00,0.00,0.00,0.63,0.31,0.23,0.21,1.63,0.00,0.01,0.53,0.76,0.00,0.00,0.00,1.00,0.00,0.00,0.00,0.00,0.00,0.00,0.00,1.00,1.00,0.00,0.00,0.00,0.00,0.00,0.00
25,0,4.800,0.98,1,0.05,0.00,0.25,0.00,0.00,0.00,0.00,0.58,0.35,0.39,0.24,1.62,0.00,0.01,0.39,0.83,0.00,0.00,0.00,1.00,0.00,0.00,0.00,0.00,0.00,0.00,0.00,1.00,1.00,0.00,0.00,0.00,0.00,0.00,0.00
26,0,5.000,0.98,1,0.00,0.00,0.14,0.00,0.00,0.00,0.00,0.65,0.39,0.46,0.15,1.53,0.00,0.01,0.34,0.86,0.00,0.00,0.00,1.00,0.00,0.00,0.00,0.00,0.00,0.00,0.00,1.00,1.00,0.00,0.00,0.00,0.00,0.00,0.00
27,0,5.200,0.98,1,0.04,0.00,0.35,0.00,0.00,0.00,0.00,0.70,0.40,0.54,0.05,1.59,0.00,0.01,0.45,0.89,0.78,0.00,0.00,1.00,0.00,0.00,0.00,0.00,0.00,0.00,0.00,1.00,1.00,0.00,0.00,0.00,0.00,0.00,0.00
28,0,5.400,0.98,1,0.04,0.00,0.47,0.00,0.00,0.00,0.00,0.81,0.36,0.59,0.15,1.60,0.00,0.00,0.58,0.97,0.96,0.00,0.00,1.00,0.00,0.00,0.00,0.00,0.00,0.00,0.00,1.00,1.00,0.00,0.00,0.00,0.00,0.00,0.00
29,0,5.600,0.98,1,0.04,0.00,0.67,0.00,0.00,0.00,0.00,0.77,0.39,0.65,0.13,1.70,0.00,0.00,0.65,1.14,1.09,0.00,0.00,1.00,0.00,0.00,0.00,0.00,0.00,0.00,0.00,1.00,1.00,0.00,0.00,0.00,0.00,0.00,0.00
30,0,5.800,0.98,1,0.00,0.00,0.64,0.00,0.00,0.00,0.00,0.83,0.37,0.58,0.14,1.53,0.06,0.00,0.49,1.03,0.31,0.00,0.00,1.00,0.00,0.00,0.00,0.00,0.00,0.00,0.00,1.00,0.00,0.00,0.00,0.00,0.00,0.00,0.00
31,0,6.000,0.98,1,0.00,0.00,0.61,0.00,0.00,0.00,0.00,0.76,0.28,0.35,0.01,1.32,0.06,0.00,0.41,0.81,0.13,0.00,0.00,1.00,0.00,0.00,0.00,0.00,0.00,0.00,0.00,0.00,0.00,0.00,0.00,0.00,0.00,0.00,0.00
32,0,6.200,0.98,1,0.07,0.00,0.49,0.00,0.00,0.00,0.00,0.70,0.20,0.27,0.01,1.15,0.06,0.00,0.33,0.72,0.00,0.00,0.00,1.00,0.00,0.00,0.00,0.00,0.00,0.00,0.00,0.00,0.00,0.00,0.00,0.00,0.00,0.00,0.00
33,0,6.400,0.98,1,0.13,0.00,0.42,0.00,0.00,0.00,0.00,0.58,0.19,0.16,0.04,1.19,0.00,0.00,0.34,0.87,0.00,0.00,0.00,1.00,0.00,0.00,0.00,0.00,0.00,0.00,0.00,0.00,0.00,0.00,0.00,0.00,1.00,0.00,0.00
34,0,6.600,0.98,1,0.13,0.00,0.44,0.00,0.00,0.00,0.00,0.55,0.31,0.29,0.16,1.28,0.00,0.01,0.47,1.31,0.00,0.00,0.00,1.00,0.00,0.00,0.00,0.00,0.00,0.00,0.00,0.00,0.00,0.00,0.00,0.00,1.00,0.00,0.00
35,0,6.800,0.98,1,0.07,0.00,0.47,0.00,0.00,0.00,0.00,0.57,0.28,0.19,0.19,1.22,0.10,0.01,0.55,1.37,0.00,0.00,0.00,1.00,0.00,0.00,0.00,0.00,0.00,0.00,0.00,0.00,0.00,0.00,0.00,0.00,1.00,0.00,0.00
36,0,7.000,0.98,1,0.00,0.00,0.35,0.00,0.00,0.00,0.00,0.55,0.25,0.13,0.29,1.10,0.10,0.02,0.66,1.42,0.00,0.00,0.00,1.00,0.00,0.00,0.00,0.00,0.00,0.00,0.00,0.00,0.00,0.00,0.00,0.00,1.00,0.00,0.00
37,0,7.200,0.98,1,0.05,0.00,0.30,0.00,0.00,0.00,0.00,0.61,0.14,0.03,0.18,0.96,0.10,0.00,0.77,1.20,0.00,0.00,0.00,1.00,0.00,0.00,0.00,0.00,0.00,0.00,0.00,0.00,0.00,0.00,0.00,0.00,1.00,0.00,0.00
38,0,7.400,0.98,1,0.05,0.00,0.23,0.00,0.00,0.00,0.00,0.69,0.17,0.17,0.25,1.00,0.12,0.00,0.82,1.19,0.00,0.00,0.00,1.00,0.00,0.00,0.00,0.00,0.00,0.00,0.00,0.00,0.00,0.00,0.00,0.00,1.00,0.00,0.00
39,0,7.600,0.98,1,0.05,0.00,0.41,0.00,0.00,0.00,0.02,0.80,0.25,0.37,0.30,1.04,0.18,0.00,0.85,1.11,0.00,0.00,0.00,1.00,0.00,0.00,0.00,0.00,0.00,0.00,0.00,0.00,0.00,0.00,0.00,0.00,1.00,0.00,0.00
40,0,7.800,0.98,1,0.00,0.00,0.44,0.00,0.00,0.00,0.02,0.65,0.29,0.42,0.54,1.09,0.30,0.00,0.73,1.09,0.00,0.00,0.00,0.00,0.00,0.00,0.00,0.00,0.00,0.00,0.00,0.00,0.00,0.00,0.00,0.00,1.00,0.00,0.00
41,0,8.000,0.98,1,0.00,0.00,0.40,0.00,0.00,0.00,0.02,0.55,0.29,0.40,0.59,1.14,0.24,0.04,0.68,1.18,0.00,0.00,0.00,1.00,0.00,0.00,0.00,0.00,0.00,0.00,0.00,0.00,0.00,0.00,0.00,0.00,1.00,0.00,0.00
42,0,8.200,0.98,1,0.00,0.00,0.25,0.00,0.00,0.00,0.00,0.36,0.21,0.23,0.39,1.16,0.31,0.11,0.64,1.26,0.00,1.00,0.00,0.00,0.00,0.00,0.00,0.00,0.00,0.00,0.00,0.00,0.00,0.00,0.00,0.00,0.00,0.00,0.00
43,0,8.400,0.98,1,0.00,0.00,0.19,0.00,0.00,0.00,0.00,0.36,0.16,0.24,0.14,1.07,0.28,0.11,0.57,1.18,0.00,1.00,0.00,0.00,0.00,0.00,0.00,0.00,0.00,0.00,0.00,0.00,0.00,0.00,0.00,0.00,0.00,0.00,0.00
44,0,8.600,0.98,1,0.00,0.00,0.22,0.00,0.00,0.00,0.00,0.25,0.15,0.24,0.03,0.93,0.36,0.07,0.52,0.96,0.00,1.00,0.00,0.00,0.00,0.00,0.00,0.00,0.00,0.00,0.00,0.00,0.00,0.00,0.00,0.00,1.00,0.00,0.00
45,0,8.800,0.98,1,0.00,0.00,0.23,0.00,0.00,0.00,0.00,0.17,0.09,0.28,0.09,0.95,0.28,0.00,0.54,0.84,0.00,1.00,0.00,0.00,0.00,0.00,0.00,0.00,0.00,0.00,0.00,0.00,0.00,0.00,0.00,0.00,1.00,0.00,0.00
46,0,9.000,0.98,1,0.03,0.01,0.23,0.00,0.00,0.00,0.00,0.25,0.13,0.18,0.09,1.12,0.18,0.00,0.57,1.00,0.00,1.00,0.00,0.00,0.00,0.00,0.00,0.00,0.00,0.00,0.00,0.00,0.00,0.00,0.00,0.00,1.00,0.00,0.00
47,0,9.200,0.98,1,0.19,0.05,0.43,0.00,0.00,0.00,0.00,0.34,0.11,0.10,0.13,1.21,0.04,0.00,0.71,1.08,0.00,0.00,0.00,0.00,0.00,0.00,0.00,0.00,0.00,0.00,0.00,0.00,0.00,0.00,0.00,0.00,1.00,0.00,0.00
48,0,9.400,0.98,1,0.36,0.05,0.53,0.00,0.00,0.00,0.00,0.49,0.14,0.04,0.07,1.09,0.00,0.00,0.64,1.10,0.00,0.00,0.00,0.00,0.00,0.00,0.00,0.00,0.00,0.00,0.00,0.00,0.00,0.00,0.00,0.00,1.00,0.00,0.00
49,0,9.600,0.98,1,0.46,0.04,0.55,0.00,0.00,0.00,0.00,0.47,0.14,0.04,0.15,1.01,0.00,0.00,0.78,1.06,0.00,0.00,0.00,0.00,0.00,0.00,0.00,0.00,0.00,0.00,0.00,0.00,0.00,0.00,0.00,0.00,1.00,0.00,0.00
50,0,9.800,0.98,1,0.47,0.00,0.42,0.00,0.00,0.00,0.00,0.45,0.14,0.00,0.15,0.97,0.01,0.00,0.84,1.15,0.00,0.00,0.00,0.00,0.00,0.00,0.00,0.00,0.00,0.00,0.00,0.00,0.00,0.00,0.00,0.00,1.00,0.00,0.00
51,0,10.000,0.98,1,0.40,0.00,0.24,0.00,0.00,0.00,0.00,0.51,0.11,0.10,0.15,1.22,0.01,0.00,0.97,1.21,0.10,0.00,0.00,0.00,0.00,0.00,0.00,0.00,0.00,0.00,0.00,0.00,0.00,0.00,0.00,0.00,1.00,0.00,0.00
52,0,10.200,0.98,1,0.28,0.00,0.12,0.00,0.00,0.00,0.00,0.40,0.04,0.10,0.09,1.52,0.11,0.32,0.66,1.00,0.34,0.00,0.00,0.00,0.00,0.00,0.00,0.00,0.00,0.00,0.00,0.00,0.00,0.00,0.00,0.00,1.00,0.00,0.00
53,0,10.400,0.93,1,0.10,0.00,0.00,0.00,0.00,0.00,0.00,0.27,0.00,0.10,0.02,1.19,0.09,0.51,0.29,0.60,0.69,0.00,0.00,0.00,0.00,0.00,0.00,0.00,0.00,0.00,0.00,0.00,0.00,0.00,0.00,0.00,1.00,0.00,0.00
54,0,10.600,0.98,1,0.00,0.00,0.00,0.00,0.00,0.00,0.00,0.04,0.00,0.00,0.02,0.65,0.09,0.51,0.00,0.21,1.19,0.00,0.00,0.00,0.00,0.00,0.00,0.00,0.00,0.00,0.00,0.00,0.00,0.00,0.00,0.00,1.00,0.00,0.00
55,0,10.800,0.88,1,0.00,0.20,0.00,0.00,0.00,0.00,0.00,0.00,0.00,0.10,0.00,0.06,0.00,0.19,0.00,0.00,1.44,0.00,0.00,0.00,0.00,0.00,0.00,0.00,0.00,0.00,0.00,0.00,0.00,0.00,0.00,0.00,0.00,0.00,0.00
56,0,11.000,0.98,1,0.00,0.20,0.00,0.00,0.00,0.00,0.00,0.17,0.00,0.29,0.00,0.06,0.00,0.01,0.00,0.00,1.55,0.00,0.00,0.00,0.00,0.00,0.00,0.00,0.00,0.00,0.00,0.00,0.00,0.00,0.00,0.00,1.00,0.00,0.00
57,0,11.200,0.98,1,0.14,0.20,0.00,0.00,0.00,0.00,0.00,0.45,0.06,0.55,0.01,0.51,0.00,0.01,0.00,0.17,0.94,0.00,0.00,0.00,0.00,0.00,0.00,0.00,0.00,0.00,0.00,0.00,0.00,0.00,0.00,0.00,1.00,0.00,0.00
58,0,11.400,0.98,1,0.14,0.16,0.06,0.12,0.11,0.00,0.05,0.83,0.18,0.70,0.01,0.53,0.00,0.22,0.06,0.44,0.46,0.00,0.00,0.00,0.00,0.00,0.00,0.00,0.00,0.00,0.00,0.00,0.00,0.00,0.00,0.00,1.00,0.00,0.00
59,0,11.600,0.88,1,0.14,0.32,0.21,0.12,0.32,0.00,0.05,1.03,0.55,0.81,0.01,0.58,0.01,0.29,0.34,0.72,0.10,0.00,0.00,0.00,0.00,0.00,0.00,0.00,0.00,0.00,0.00,0.00,0.00,0.00,0.00,0.00,1.00,0.00,0.00
60,0,11.800,0.93,1,0.00,0.32,0.55,0.12,0.32,0.00,0.06,1.00,0.55,0.66,0.00,0.60,0.01,0.29,0.63,0.95,0.38,0.00,0.00,0.00,0.00,0.00,0.00,0.00,0.00,0.00,0.00,0.00,0.00,0.00,0.00,0.00,1.00,0.00,0.00
61,0,12.000,0.98,1,0.00,0.16,0.70,0.00,0.21,0.00,0.01,0.81,0.47,0.45,0.03,1.00,0.07,0.08,0.69,1.20,0.38,0.00,0.00,0.00,0.00,0.00,0.00,0.00,0.00,0.00,0.00,0.00,0.00,0.00,0.00,1.00,1.00,0.00,0.00
62,0,12.200,0.98,1,0.00,0.00,0.66,0.00,0.01,0.00,0.01,0.50,0.10,0.25,0.03,1.39,0.06,0.04,0.68,1.48,0.28,0.00,0.00,0.00,0.00,0.00,0.00,0.00,0.00,0.00,0.00,0.00,0.00,0.00,0.00,1.00,1.00,0.00,0.00
63,0,12.400,0.98,1,0.01,0.00,0.38,0.00,0.00,0.00,0.00,0.25,0.04,0.25,0.08,1.43,0.12,0.26,0.55,1.40,0.05,0.00,0.00,0.00,0.00,0.00,0.00,0.00,0.00,0.00,0.00,0.00,0.00,0.00,0.00,1.00,1.00,0.00,0.00
64,0,12.600,0.98,1,0.01,0.00,0.28,0.00,0.00,0.00,0.00,0.06,0.10,0.27,0.30,1.49,0.30,0.53,0.64,1.34,0.14,0.00,0.00,0.00,0.00,0.00,0.00,0.00,0.00,0.00,0.00,1.00,0.00,0.00,0.00,1.00,1.00,0.00,0.00
65,0,12.800,0.98,1,0.02,0.00,0.38,0.00,0.00,0.00,0.00,0.00,0.22,0.24,0.62,1.51,0.37,0.74,0.80,1.33,0.14,0.00,0.00,0.00,0.00,0.00,0.00,0.00,0.00,0.00,0.00,1.00,0.00,1.00,0.00,1.00,1.00,0.00,0.00
66,0,13.000,0.98,1,0.02,0.00,0.46,0.00,0.00,0.00,0.00,0.01,0.33,0.22,0.68,1.53,0.31,0.68,1.01,1.32,0.11,0.00,0.00,0.00,0.00,0.00,0.00,0.00,0.00,0.00,0.00,1.00,0.00,1.00,0.00,1.00,1.00,0.00,0.00
67,0,13.200,0.98,1,0.02,0.00,0.55,0.00,0.00,0.00,0.00,0.01,0.27,0.16,0.69,1.42,0.21,0.44,0.99,1.18,0.07,0.00,0.00,0.00,0.00,0.00,0.00,0.00,0.00,0.00,0.00,1.00,0.00,1.00,0.00,1.00,1.00,0.00,0.00
68,0,13.400,0.98,1,0.00,0.00,0.55,0.00,0.00,0.00,0.00,0.15,0.25,0.18,0.54,1.22,0.19,0.18,0.94,0.89,0.07,0.00,0.00,1.00,0.00,0.00,0.00,0.00,0.00,0.00,0.00,0.00,0.00,1.00,0.00,1.00,1.00,0.00,0.00
69,0,13.600,0.98,1,0.00,0.00,0.69,0.00,0.00,0.00,0.00,0.24,0.19,0.08,0.52,0.90,0.26,0.02,0.99,0.89,0.06,0.00,0.00,1.00,0.00,0.00,0.00,0.00,0.00,0.00,0.00,0.00,0.00,1.00,0.00,1.00,1.00,0.00,0.00
70,0,13.800,0.98,1,0.00,0.00,0.83,0.00,0.00,0.00,0.00,0.32,0.17,0.07,0.52,0.66,0.38,0.00,1.82,1.05,0.01,0.00,0.00,1.00,0.00,0.00,0.00,0.00,0.00,0.00,0.00,0.00,0.00,1.00,0.00,1.00,1.00,0.00,0.00
71,0,14.000,0.98,1,0.28,0.02,1.03,0.00,0.04,0.00,0.00,0.30,0.11,0.14,0.37,0.81,0.69,0.00,1.99,1.17,0.10,0.00,0.00,1.00,0.00,0.00,0.00,0.00,0.00,0.00,0.00,0.00,0.00,1.00,0.00,1.00,1.00,0.00,0.00
72,0,14.200,0.98,1,0.50,0.02,1.04,0.00,0.11,0.00,0.00,0.28,0.26,0.46,0.58,1.09,1.26,0.04,1.73,0.88,0.28,0.00,0.00,1.00,0.00,0.00,0.00,0.00,0.00,0.00,0.00,0.00,0.00,1.00,0.00,1.00,1.00,0.00,0.00
73,0,14.400,0.98,1,0.50,0.02,0.73,0.00,0.11,0.00,0.00,0.20,0.31,0.69,0.79,1.45,1.33,0.21,0.92,0.47,0.38,0.00,0.00,1.00,0.00,0.00,0.00,0.00,0.00,0.00,0.00,0.00,0.00,1.00,0.00,0.00,0.00,0.00,0.00
74,0,14.600,0.98,1,0.21,0.00,0.32,0.00,0.07,0.00,0.00,0.08,0.40,0.65,1.24,1.51,1.34,0.23,0.63,0.09,0.29,0.00,0.00,1.00,0.00,0.00,0.00,0.00,0.00,0.00,1.00,0.00,0.00,1.00,0.00,0.00,0.00,0.00,0.00
75,0,14.800,0.98,1,0.00,0.00,0.02,0.00,0.00,0.00,0.00,0.06,0.28,0.41,1.16,1.16,1.05,0.18,0.77,0.17,0.10,0.00,0.00,1.00,0.00,0.00,0.00,0.00,0.00,0.00,1.00,0.00,0.00,1.00,0.00,0.00,0.00,0.00,0.00
76,0,15.000,0.98,1,0.01,0.00,0.01,0.00,0.00,0.00,0.00,0.18,0.31,0.48,0.78,0.84,0.86,0.01,0.77,0.33,0.00,0.00,0.00,1.00,0.00,0.00,0.00,0.00,0.00,0.00,1.00,0.00,0.00,1.00,0.00,0.00,0.00,0.00,0.00
77,0,15.200,0.98,1,0.01,0.00,0.01,0.00,0.00,0.00,0.00,0.49,0.36,0.76,0.32,0.66,0.49,0.00,0.53,0.41,0.00,0.00,0.00,1.00,0.00,0.00,0.00,0.00,0.00,0.00,1.00,0.00,0.00,0.00,0.00,0.00,0.00,0.00,0.00
78,0,15.400,0.98,1,0.12,0.11,0.01,0.00,0.00,0.00,0.00,0.60,0.35,0.94,0.11,0.96,0.14,0.00,0.28,0.51,0.00,0.00,0.00,0.00,0.00,0.00,0.00,0.00,0.00,0.00,1.00,0.00,0.00,0.00,0.00,0.00,0.00,0.00,0.00
79,0,15.600,0.98,1,0.16,0.11,0.00,0.00,0.00,0.00,0.00,0.65,0.25,0.84,0.13,1.16,0.00,0.00,0.11,0.58,0.00,0.00,0.00,0.00,0.00,0.00,0.00,0.00,0.00,0.00,1.00,0.00,0.00,0.00,0.00,0.00,0.00,0.00,0.00
80,0,15.800,0.98,1,0.29,0.17,0.00,0.00,0.00,0.00,0.00,0.61,0.09,0.67,0.43,1.30,0.00,0.00,0.19,0.71,0.00,0.00,0.00,0.00,0.00,0.00,0.00,0.00,0.00,0.00,1.00,0.00,0.00,0.00,0.00,0.00,0.00,0.00,0.00
81,0,16.000,0.98,1,0.22,0.13,0.00,0.00,0.00,0.00,0.00,0.62,0.01,0.48,0.75,1.48,0.08,0.01,0.15,0.67,0.00,0.00,0.00,0.00,0.00,0.00,0.00,0.00,0.00,0.00,0.00,1.00,0.00,0.00,0.00,0.00,0.00,0.00,0.00
82,0,16.200,0.98,1,0.22,0.13,0.00,0.00,0.00,0.00,0.00,0.66,0.00,0.54,1.03,1.70,0.22,0.13,0.09,0.61,0.00,0.00,0.00,0.00,0.00,0.00,0.00,0.00,0.00,0.00,0.00,1.00,0.00,0.00,0.00,0.00,0.00,0.00,0.00
83,0,16.400,0.98,1,0.10,0.07,0.00,0.00,0.00,0.00,0.00,0.52,0.00,0.33,1.25,1.81,0.39,0.30,0.11,0.68,0.00,0.00,0.00,0.00,0.00,0.00,0.00,0.00,1.00,0.00,0.00,1.00,1.00,0.00,0.00,0.00,0.00,0.00,0.00
84,0,16.600,0.98,1,0.14,0.12,0.00,0.00,0.00,0.00,0.00,0.60,0.00,0.29,1.37,1.99,0.52,0.47,0.16,0.88,0.00,0.00,0.00,0.00,0.00,0.00,0.00,0.00,1.00,0.00,0.00,1.00,1.00,0.00,0.00,0.00,0.00,0.00,0.00
85,0,16.800,0.98,1,0.10,0.12,0.00,0.00,0.00,0.00,0.00,0.69,0.02,0.18,1.50,2.21,0.50,0.43,0.16,0.96,0.00,0.00,0.00,0.00,0.00,0.00,0.00,0.00,1.00,0.00,0.00,1.00,1.00,0.00,0.00,0.00,0.00,0.00,0.00
86,0,17.000,0.98,1,0.14,0.12,0.00,0.00,0.00,0.00,0.00,0.90,0.02,0.79,1.20,2.25,0.33,0.26,0.09,0.82,0.00,0.00,0.00,0.00,0.00,0.00,0.00,0.00,1.00,0.00,0.00,1.00,1.00,0.00,0.00,0.00,0.00,0.00,0.00
87,0,17.200,0.98,1,0.16,0.00,0.00,0.00,0.00,0.00,0.00,0.98,0.02,1.30,0.73,1.60,0.37,0.08,0.38,0.50,0.00,0.00,0.00,0.00,0.00,0.00,0.00,0.00,1.00,0.00,1.00,1.00,1.00,0.00,0.00,0.00,0.00,0.00,0.00
88,0,17.400,0.98,1,0.14,0.00,0.00,0.00,0.00,0.00,0.00,1.03,0.00,1.59,0.31,1.28,0.58,0.07,0.38,0.25,0.00,0.00,0.00,0.00,0.00,0.00,0.00,0.00,0.00,0.00,1.00,1.00,1.00,0.00,0.00,0.00,0.00,0.00,0.00
89,0,17.600,0.98,1,0.10,0.00,0.00,0.00,0.00,0.00,0.00,1.06,0.00,1.35,0.25,1.17,0.80,0.15,0.34,0.23,0.00,0.00,0.00,0.00,0.00,0.00,0.00,0.00,0.00,0.00,1.00,1.00,1.00,0.00,0.00,0.00,0.00,0.00,0.00
90,0,17.800,0.98,1,0.04,0.00,0.00,0.00,0.00,0.00,0.00,0.97,0.00,1.42,0.34,1.49,0.64,0.23,0.00,0.34,0.00,0.00,0.00,0.00,0.00,0.00,0.00,0.00,0.00,0.00,1.00,1.00,1.00,0.00,0.00,0.00,0.00,0.00,0.00
91,0,18.000,0.98,1,0.04,0.00,0.00,0.00,0.00,0.00,0.00,0.75,0.00,1.26,0.25,1.32,0.31,0.38,0.01,0.62,0.00,0.00,0.00,0.00,0.00,0.00,0.00,0.00,0.00,0.00,1.00,1.00,1.00,0.00,0.00,0.00,0.00,0.00,0.00
92,0,18.200,0.98,1,0.04,0.00,0.00,0.00,0.00,0.00,0.00,0.41,0.00,0.90,0.18,1.41,0.09,0.62,0.01,0.92,0.00,0.00,0.00,0.00,0.00,0.00,0.00,0.00,0.00,0.00,0.00,1.00,1.00,0.00,0.00,0.00,1.00,0.00,0.00
93,0,18.400,0.98,1,0.00,0.00,0.00,0.00,0.00,0.00,0.00,0.26,0.00,0.38,0.20,1.48,0.04,0.85,0.04,1.19,0.00,0.00,0.00,0.00,0.00,0.00,0.00,0.00,0.00,0.00,0.00,1.00,1.00,0.00,0.00,0.00,1.00,0.00,0.00
94,0,18.600,0.98,1,0.00,0.00,0.00,0.00,0.00,0.00,0.00,0.24,0.00,0.13,0.38,1.58,0.12,0.85,0.09,1.22,0.00,0.00,0.00,0.00,0.00,0.00,0.00,0.00,0.00,0.00,0.00,0.00,1.00,0.00,0.00,0.00,1.00,0.00,0.00
95,0,18.800,0.98,1,0.00,0.00,0.00,0.00,0.00,0.00,0.00,0.27,0.00,0.15,0.42,1.55,0.12,0.71,0.14,1.10,0.00,0.00,0.00,0.00,0.00,0.00,0.00,0.00,0.00,0.00,0.00,0.00,1.00,0.00,0.00,0.00,1.00,0.00,0.00
96,0,19.000,0.98,1,0.03,0.00,0.00,0.00,0.00,0.00,0.00,0.17,0.00,0.05,0.37,1.39,0.09,0.58,0.22,0.95,0.00,0.00,0.00,0.00,0.00,0.00,0.00,0.00,0.00,0.00,0.00,0.00,1.00,0.00,0.00,0.00,1.00,0.00,0.00
97,0,19.200,0.98,1,0.08,0.00,0.00,0.00,0.00,0.00,0.00,0.16,0.00,0.02,0.20,1.25,0.00,0.57,0.40,0.84,0.00,0.00,0.00,0.00,0.00,0.00,0.00,0.00,0.00,0.00,0.00,0.00,1.00,0.00,0.00,0.00,1.00,0.00,0.00
98,0,19.400,0.98,1,0.13,0.00,0.11,0.00,0.00,0.00,0.00,0.19,0.00,0.03,0.13,1.29,0.00,0.62,0.50,0.95,0.20,0.00,0.00,0.00,0.00,0.00,0.00,0.00,0.00,0.00,0.00,0.00,1.00,0.00,0.00,0.00,1.00,0.00,0.00
99,0,19.600,0.98,1,0.10,0.00,0.19,0.00,0.00,0.00,0.00,0.30,0.00,0.09,0.07,1.56,0.00,0.72,0.60,1.14,0.31,0.00,0.00,0.00,0.00,0.00,0.00,0.00,0.00,0.00,0.00,0.00,1.00,0.00,0.00,0.00,1.00,0.00,0.00
100,0,19.800,0.98,1,0.14,0.00,0.19,0.00,0.00,0.00,0.00,0.21,0.00,0.09,0.36,1.78,0.19,0.66,0.56,1.31,0.31,0.00,0.00,0.00,0.00,0.00,0.00,0.00,0.00,0.00,0.00,0.00,0.00,0.00,0.00,1.00,1.00,0.00,0.00
101,0,20.000,0.98,1,0.09,0.20,0.09,0.00,0.00,0.00,0.22,0.12,0.00,0.06,0.29,1.21,0.25,0.99,0.77,1.45,0.11,0.00,0.00,0.00,0.00,0.00,0.00,0.00,0.00,0.00,0.00,0.00,0.00,0.00,0.00,1.00,1.00,0.00,0.00
102,0,20.200,0.98,1,0.09,0.48,0.00,0.00,0.00,0.00,0.39,0.01,0.00,0.00,0.29,0.58,0.25,0.97,1.31,1.20,0.14,0.00,0.00,0.00,0.00,0.00,0.00,0.00,0.00,0.00,0.00,0.00,1.00,0.00,0.00,1.00,1.00,0.00,0.00
103,0,20.400,0.98,1,0.00,0.48,0.07,0.00,0.00,0.00,0.39,0.00,0.00,0.03,0.00,0.37,0.13,0.99,1.62,1.30,0.15,0.00,0.00,0.00,0.00,0.00,0.00,0.00,0.00,0.00,0.00,0.00,1.00,0.00,0.00,1.00,1.00,0.00,0.00
104,0,20.600,0.98,1,0.05,0.28,0.07,0.00,0.00,0.00,0.17,0.00,0.00,0.10,0.10,0.68,0.25,0.67,1.33,0.75,0.15,0.00,0.00,0.00,0.00,0.00,0.00,0.00,0.00,0.00,0.00,0.00,0.00,0.00,0.00,0.00,1.00,0.00,0.00
105,0,20.800,0.98,1,0.11,0.00,0.07,0.00,0.00,0.00,0.00,0.02,0.00,0.28,0.30,0.94,0.33,0.41,0.78,0.54,0.19,0.00,0.00,1.00,0.00,0.00,0.00,0.00,0.00,0.00,0.00,0.00,0.00,0.00,0.00,1.00,1.00,0.00,0.00
106,0,21.000,0.98,1,0.11,0.00,0.03,0.00,0.00,0.00,0.00,0.09,0.00,0.41,0.45,0.74,0.25,0.22,0.49,0.17,0.36,0.00,0.00,0.00,0.00,0.00,0.00,0.00,0.00,0.00,0.00,0.00,0.00,0.00,0.00,0.00,0.00,0.00,0.00
107,0,21.200,0.98,1,0.06,0.00,0.21,0.00,0.00,0.00,0.00,0.27,0.00,0.34,0.52,0.78,0.07,0.00,0.70,0.54,0.41,0.00,0.00,0.00,0.00,0.00,0.00,0.00,0.00,0.00,0.00,0.00,0.00,0.00,0.00,0.00,0.00,0.00,0.00
108,0,21.400,0.98,1,0.00,0.00,0.21,0.00,0.00,0.00,0.00,0.27,0.00,0.29,0.46,0.90,0.07,0.00,0.60,0.54,0.39,0.00,0.00,0.00,0.00,0.00,0.00,0.00,0.00,0.00,0.00,0.00,1.00,0.00,0.00,0.00,0.00,0.00,0.00
109,0,21.600,0.98,1,0.00,0.00,0.18,0.00,0.00,0.00,0.00,0.21,0.00,0.42,0.57,1.22,0.19,0.03,0.46,0.36,0.78,0.00,0.00,0.00,0.00,0.00,0.00,0.00,0.00,0.00,1.00,0.00,0.00,0.00,0.00,0.00,0.00,0.00,0.00
110,0,21.800,0.98,1,0.00,0.00,0.00,0.00,0.00,0.00,0.00,0.03,0.00,0.55,0.44,1.33,0.21,0.03,0.30,0.00,1.27,0.00,0.00,0.00,0.00,0.00,0.00,0.00,0.00,0.00,0.00,0.00,0.00,0.00,0.00,0.00,0.00,0.00,1.00
111,0,22.000,0.98,1,0.02,0.00,0.02,0.00,0.00,0.00,0.00,0.10,0.00,0.75,0.42,1.27,0.14,0.03,0.35,0.00,1.39,0.00,0.00,0.00,0.00,0.00,0.00,0.00,0.00,0.00,0.00,0.00,0.00,0.00,0.00,0.00,0.00,0.00,1.00
112,0,22.200,0.98,1,0.02,0.00,0.02,0.00,0.00,0.00,0.00,0.21,0.00,0.64,0.16,1.01,0.02,0.00,0.51,0.00,1.12,0.00,0.00,0.00,0.00,0.00,0.00,0.00,0.00,0.00,0.00,0.00,0.00,0.00,0.00,0.00,0.00,0.00,1.00
113,0,22.400,0.98,1,0.02,0.00,0.03,0.00,0.00,0.00,0.00,0.36,0.01,0.69,0.23,0.94,0.00,0.00,0.65,0.00,0.85,0.00,0.00,0.00,0.00,0.00,0.00,0.00,0.00,0.00,0.00,0.00,0.00,0.00,0.00,0.00,0.00,0.00,1.00
114,0,22.600,0.98,1,0.00,0.00,0.02,0.00,0.00,0.00,0.00,0.39,0.14,0.42,0.11,0.87,0.06,0.00,0.64,0.04,0.57,0.00,0.00,0.00,0.00,0.00,0.00,0.00,0.00,0.00,0.00,0.00,0.00,0.00,0.00,0.00,0.00,0.00,1.00
115,0,22.800,0.98,1,0.00,0.00,0.01,0.00,0.00,0.00,0.00,0.40,0.24,0.32,0.18,0.91,0.17,0.00,0.73,0.12,0.27,0.00,0.00,1.00,0.00,0.00,0.00,0.00,0.00,0.00,0.00,0.00,0.00,0.00,0.00,0.00,0.00,0.00,1.00
116,0,23.000,0.98,1,0.03,0.00,0.22,0.00,0.00,0.00,0.04,0.37,0.30,0.37,0.08,0.83,0.17,0.00,0.87,0.25,0.58,0.00,0.00,1.00,0.00,0.00,0.00,0.00,0.00,0.00,0.00,0.00,0.00,0.00,0.00,0.00,0.00,0.00,1.00
117,0,23.200,0.98,1,0.03,0.00,0.41,0.00,0.00,0.00,0.04,0.41,0.27,0.37,0.29,0.82,0.25,0.00,0.96,0.32,0.85,0.00,0.00,1.00,0.00,0.00,0.00,0.00,0.00,0.00,0.00,0.00,0.00,0.00,0.00,0.00,0.00,0.00,1.00
118,0,23.400,0.98,1,0.15,0.00,0.57,0.00,0.00,0.00,0.06,0.49,0.23,0.61,0.25,0.89,0.40,0.00,0.94,0.45,1.20,0.00,0.00,1.00,0.00,0.00,0.00,0.00,0.00,0.00,0.00,0.00,0.00,0.00,0.00,0.00,0.00,0.00,1.00
119,0,23.600,0.98,1,0.23,0.03,0.54,0.00,0.00,0.00,0.02,0.56,0.22,0.53,0.41,0.90,0.45,0.00,0.77,0.43,0.95,0.00,0.00,1.00,0.00,0.00,0.00,0.00,0.00,0.00,1.00,0.00,0.00,0.00,0.00,0.00,0.00,0.00,1.00
120,0,23.800,0.98,1,0.25,0.03,0.47,0.00,0.00,0.00,0.02,0.53,0.16,0.63,0.23,1.06,0.32,0.00,0.79,0.37,0.98,0.00,0.00,1.00,0.00,0.00,0.00,0.00,0.00,0.00,1.00,0.00,0.00,0.00,0.00,0.00,0.00,0.00,1.00
121,0,24.000,0.98,1,0.21,0.03,0.47,0.00,0.00,0.00,0.00,0.47,0.11,0.57,0.20,1.06,0.05,0.00,0.81,0.20,0.92,0.00,0.00,1.00,0.00,0.00,0.00,0.00,0.00,0.00,0.00,0.00,0.00,0.00,0.00,0.00,0.00,0.00,1.00
122,0,24.200,0.98,1,0.11,0.00,0.37,0.00,0.00,0.00,0.00,0.45,0.09,0.52,0.10,1.08,0.04,0.00,0.89,0.18,0.82,0.00,0.00,1.00,0.00,0.00,0.00,0.00,0.00,0.00,0.00,0.00,0.00,0.00,0.00,0.00,0.00,0.00,1.00
123,0,24.400,0.98,1,0.17,0.00,0.37,0.00,0.00,0.00,0.00,0.41,0.05,0.41,0.06,1.00,0.09,0.00,0.84,0.16,0.85,0.00,0.00,1.00,0.00,0.00,0.00,0.00,0.00,0.00,0.00,0.00,0.00,0.00,0.00,0.00,0.00,0.00,1.00
124,0,24.600,0.98,1,0.25,0.00,0.43,0.00,0.00,0.00,0.00,0.39,0.05,0.34,0.14,1.05,0.19,0.00,0.89,0.36,1.44,0.00,0.00,1.00,0.00,0.00,0.00,0.00,0.00,0.00,0.00,0.00,0.00,0.00,0.00,0.00,0.00,0.00,1.00
125,0,24.800,0.98,1,0.32,0.00,0.61,0.00,0.00,0.00,0.08,0.29,0.03,0.51,0.15,1.11,0.16,0.00,1.01,0.38,2.00,0.00,0.00,1.00,0.00,0.00,0.00,0.00,0.00,0.00,0.00,0.00,0.00,0.00,0.00,0.00,0.00,0.00,1.00
126,0,25.000,0.98,1,0.23,0.00,0.70,0.00,0.00,0.00,0.09,0.25,0.03,0.55,0.19,1.27,0.12,0.00,1.30,0.61,2.20,0.00,0.00,1.00,0.00,0.00,0.00,0.00,0.00,0.00,0.00,0.00,0.00,0.00,0.00,0.00,0.00,0.00,1.00
127,0,25.200,0.98,1,0.07,0.00,0.78,0.00,0.00,0.00,0.09,0.24,0.02,0.46,0.25,1.23,0.09,0.00,1.33,0.68,1.93,0.00,0.00,1.00,0.00,0.00,0.00,0.00,0.00,0.00,0.00,0.00,1.00,0.00,0.00,0.00,0.00,0.00,1.00
128,0,25.400,0.98,1,0.00,0.00,0.74,0.00,0.00,0.00,0.00,0.28,0.05,0.38,0.29,1.11,0.28,0.00,1.24,0.78,1.79,0.00,0.00,1.00,0.00,0.00,0.00,0.00,0.00,0.00,0.00,0.00,1.00,0.00,0.00,0.00,0.00,0.00,1.00
129,0,25.600,0.98,1,0.00,0.00,0.87,0.00,0.00,0.00,0.02,0.36,0.08,0.42,0.37,1.04,0.27,0.00,1.18,0.67,1.79,0.00,0.00,1.00,0.00,0.00,0.00,0.00,0.00,0.00,0.00,0.00,1.00,0.00,0.00,0.00,0.00,0.00,1.00
130,0,25.800,0.98,1,0.00,0.00,0.91,0.00,0.00,0.00,0.02,0.39,0.11,0.50,0.29,1.13,0.19,0.00,1.10,0.53,1.69,0.00,0.00,1.00,0.00,0.00,0.00,0.00,0.00,0.00,0.00,0.00,1.00,0.00,0.00,0.00,0.00,0.00,1.00
131,0,26.000,0.98,1,0.00,0.00,0.88,0.00,0.00,0.00,0.02,0.43,0.13,0.31,0.36,1.26,0.00,0.00,1.14,0.52,1.56,0.00,0.00,1.00,0.00,0.00,0.00,0.00,0.00,0.00,0.00,0.00,1.00,0.00,0.00,0.00,0.00,0.00,1.00
132,0,26.200,0.98,1,0.00,0.00,0.81,0.00,0.00,0.00,0.03,0.44,0.16,0.26,0.50,1.21,0.20,0.00,1.07,0.58,1.45,0.00,0.00,1.00,0.00,0.00,0.00,0.00,0.00,0.00,0.00,0.00,0.00,1.00,0.00,0.00,0.00,0.00,1.00
133,0,26.400,0.98,1,0.00,0.00,0.76,0.00,0.00,0.00,0.03,0.43,0.16,0.09,0.59,1.23,0.22,0.00,1.06,0.72,1.28,0.00,0.00,1.00,0.00,0.00,0.00,0.00,0.00,0.00,0.00,0.00,0.00,0.00,0.00,0.00,0.00,0.00,1.00
134,0,26.600,0.98,1,0.00,0.00,0.88,0.00,0.00,0.00,0.03,0.37,0.16,0.24,0.56,1.13,0.35,0.00,1.12,0.53,1.22,0.00,0.00,1.00,0.00,0.00,0.00,0.00,0.00,0.00,0.00,0.00,0.00,1.00,0.00,0.00,0.00,0.00,1.00
135,0,26.800,0.98,1,0.00,0.00,0.83,0.00,0.00,0.00,0.01,0.43,0.16,0.15,0.33,1.19,0.14,0.00,1.12,0.45,1.32,0.00,0.00,1.00,0.00,0.00,0.00,0.00,0.00,0.00,0.00,0.00,0.00,1.00,0.00,0.00,0.00,0.00,1.00
136,0,27.000,0.98,1,0.00,0.00,0.83,0.00,0.00,0.00,0.01,0.50,0.17,0.15,0.26,1.12,0.12,0.00,1.17,0.31,1.35,0.00,0.00,1.00,0.00,0.00,0.00,0.00,0.00,0.00,0.00,0.00,0.00,1.00,0.00,0.00,0.00,0.00,1.00
137,0,27.200,0.98,1,0.00,0.00,0.73,0.00,0.00,0.00,0.00,0.58,0.13,0.09,0.27,1.07,0.01,0.00,1.20,0.30,1.36,0.00,0.00,1.00,0.00,0.00,0.00,0.00,0.00,0.00,0.00,0.00,0.00,1.00,0.00,0.00,0.00,0.00,1.00
138,0,27.400,0.98,1,0.00,0.00,0.77,0.00,0.00,0.00,0.04,0.50,0.12,0.22,0.37,0.98,0.14,0.00,1.28,0.24,1.41,0.00,0.00,1.00,0.00,0.00,0.00,0.00,0.00,0.00,0.00,0.00,0.00,1.00,0.00,0.00,0.00,0.00,1.00
139,0,27.600,0.98,1,0.00,0.00,0.72,0.00,0.00,0.00,0.04,0.38,0.15,0.22,0.42,0.92,0.14,0.00,1.17,0.25,1.35,0.00,0.00,1.00,0.00,0.00,0.00,0.00,0.00,0.00,0.00,0.00,0.00,1.00,0.00,0.00,0.00,0.00,1.00
140,0,27.800,0.98,1,0.00,0.00,0.73,0.00,0.00,0.00,0.10,0.34,0.14,0.13,0.26,0.97,0.17,0.00,1.07,0.38,1.28,0.00,0.00,1.00,0.00,0.00,0.00,0.00,0.00,0.00,0.00,0.00,0.00,1.00,0.00,0.00,0.00,0.00,1.00
141,0,28.000,0.98,1,0.00,0.00,0.68,0.00,0.00,0.00,0.09,0.26,0.09,0.00,0.26,1.05,0.09,0.00,1.07,0.42,1.10,0.00,0.00,1.00,0.00,0.00,0.00,0.00,0.00,0.00,0.00,0.00,0.00,1.00,0.00,0.00,0.00,0.00,1.00
142,0,28.200,0.98,1,0.00,0.00,0.66,0.00,0.00,0.00,0.09,0.22,0.08,0.00,0.28,1.08,0.10,0.00,1.22,0.34,1.10,0.00,0.00,1.00,0.00,0.00,0.00,0.00,0.00,0.00,0.00,0.00,0.00,1.00,0.00,0.00,0.00,0.00,1.00
143,0,28.400,0.98,1,0.00,0.00,0.66,0.00,0.00,0.00,0.04,0.28,0.13,0.00,0.28,1.16,0.05,0.00,1.05,0.37,1.12,0.00,0.00,1.00,0.00,0.00,0.00,0.00,0.00,0.00,0.00,0.00,0.00,1.00,0.00,0.00,0.00,0.00,1.00
144,0,28.600,0.98,1,0.00,0.00,0.65,0.00,0.00,0.00,0.01,0.33,0.16,0.02,0.16,1.15,0.01,0.00,0.81,0.33,1.20,0.00,0.00,1.00,0.00,0.00,0.00,0.00,0.00,0.00,0.00,0.00,0.00,1.00,0.00,0.00,0.00,0.00,1.00
145,0,28.800,0.98,1,0.00,0.00,0.65,0.00,0.00,0.00,0.01,0.34,0.11,0.10,0.01,1.24,0.00,0.00,0.67,0.29,1.14,0.00,0.00,1.00,0.00,0.00,0.00,0.00,0.00,0.00,0.00,0.00,0.00,0.00,0.00,0.00,0.00,0.00,1.00
146,0,29.000,0.98,1,0.00,0.00,0.64,0.00,0.00,0.00,0.01,0.32,0.08,0.10,0.01,1.26,0.02,0.00,0.67,0.11,1.09,0.00,0.00,1.00,0.00,0.00,0.00,0.00,0.00,0.00,0.00,0.00,0.00,0.00,0.00,0.00,0.00,0.00,1.00
147,0,29.200,0.98,1,0.00,0.00,0.69,0.00,0.00,0.00,0.01,0.30,0.06,0.08,0.24,1.32,0.07,0.00,0.76,0.22,0.98,0.00,0.00,1.00,0.00,0.00,0.00,0.00,0.00,0.00,0.00,0.00,0.00,0.00,0.00,0.00,0.00,0.00,1.00
148,0,29.400,0.98,1,0.00,0.00,0.70,0.00,0.00,0.00,0.00,0.32,0.10,0.00,0.26,1.27,0.08,0.00,0.75,0.33,0.77,0.00,0.00,1.00,0.00,0.00,0.00,0.00,0.00,0.00,0.00,0.00,1.00,0.00,0.00,0.00,0.00,0.00,1.00
149,0,29.600,0.98,1,0.00,0.00,0.53,0.00,0.00,0.00,0.00,0.21,0.08,0.00,0.26,1.29,0.06,0.00,0.80,0.42,0.40,0.00,0.00,1.00,0.00,0.00,0.00,0.00,0.00,0.00,0.00,0.00,0.00,0.00,0.00,0.00,0.00,0.00,1.00
150,0,29.800,0.98,1,0.00,0.00,0.29,0.00,0.00,0.00,0.00,0.12,0.05,0.00,0.03,1.27,0.08,0.00,0.80,0.37,0.08,0.00,0.00,1.00,0.00,0.00,0.00,0.00,0.00,0.00,0.00,0.00,1.00,0.00,0.00,0.00,0.00,0.00,1.00
151,0,30.000,0.98,1,0.00,0.00,0.05,0.00,0.00,0.00,0.00,0.04,0.02,0.00,0.00,1.24,0.07,0.00,0.74,0.28,0.00,0.00,0.00,1.00,0.00,0.00,0.00,0.00,0.00,0.00,0.00,0.00,1.00,0.00,0.00,0.00,0.00,0.00,1.00
152,0,30.200,0.98,1,0.01,0.00,0.18,0.00,0.00,0.00,0.00,0.05,0.00,0.00,0.09,1.23,0.07,0.00,0.76,0.22,0.52,0.00,0.00,1.00,0.00,0.00,0.00,0.00,0.00,0.00,0.00,0.00,1.00,0.00,0.00,0.00,0.00,0.00,1.00
153,0,30.400,0.98,1,0.01,0.00,0.34,0.00,0.00,0.00,0.00,0.07,0.00,0.04,0.25,1.25,0.00,0.00,0.71,0.12,0.99,0.00,0.00,1.00,0.00,0.00,0.00,0.00,0.00,0.00,0.00,0.00,1.00,0.00,0.00,0.00,0.00,0.00,1.00
154,0,30.600,0.98,1,0.01,0.00,0.56,0.00,0.00,0.00,0.00,0.17,0.00,0.04,0.28,1.31,0.00,0.00,0.74,0.15,1.37,0.00,0.00,1.00,0.00,0.00,0.00,0.00,0.00,0.00,0.00,0.00,1.00,0.00,0.00,0.00,0.00,0.00,1.00
155,0,30.800,0.98,1,0.00,0.00,0.57,0.00,0.00,0.00,0.00,0.19,0.00,0.04,0.31,1.22,0.00,0.00,0.76,0.11,1.22,0.00,0.00,1.00,0.00,0.00,0.00,0.00,0.00,0.00,0.00,0.00,0.00,0.00,0.00,0.00,0.00,0.00,1.00
156,0,31.000,0.98,1,0.00,0.00,0.61,0.00,0.00,0.00,0.00,0.25,0.00,0.00,0.16,1.10,0.00,0.00,0.76,0.12,1.11,0.00,0.00,1.00,0.00,0.00,0.00,0.00,0.00,0.00,0.00,0.00,0.00,0.00,0.00,0.00,0.00,0.00,1.00
157,0,31.200,0.98,1,0.04,0.00,0.57,0.00,0.00,0.00,0.00,0.18,0.04,0.00,0.25,1.11,0.00,0.00,0.73,0.03,1.16,0.00,0.00,1.00,0.00,0.00,0.00,0.00,0.00,0.00,0.00,0.00,0.00,0.00,0.00,0.00,0.00,0.00,1.00
158,0,31.400,0.98,1,0.11,0.07,0.55,0.00,0.00,0.00,0.00,0.18,0.06,0.07,0.13,1.20,0.00,0.00,0.73,0.03,1.20,0.00,0.00,1.00,0.00,0.00,0.00,0.00,0.00,0.00,0.00,0.00,0.00,0.00,0.00,0.00,0.00,0.00,1.00
159,0,31.600,0.98,1,0.11,0.07,0.48,0.00,0.00,0.00,0.00,0.14,0.08,0.07,0.13,1.21,0.00,0.00,0.66,0.01,1.19,0.00,0.00,1.00,0.00,0.00,0.00,0.00,0.00,0.00,0.00,0.00,0.00,0.00,0.00,0.00,0.00,0.00,1.00
160,0,31.800,0.98,1,0.07,0.07,0.41,0.00,0.00,0.00,0.00,0.20,0.06,0.10,0.00,1.23,0.00,0.00,0.68,0.01,0.96,0.00,0.00,1.00,0.00,0.00,0.00,0.00,0.00,0.00,0.00,0.00,0.00,0.00,0.00,0.00,0.00,0.00,1.00
161,0,32.000,0.98,1,0.02,0.00,0.33,0.00,0.00,0.00,0.00,0.20,0.09,0.13,0.00,1.23,0.00,0.00,0.57,0.06,0.73,0.00,0.00,1.00,0.00,0.00,0.00,0.00,0.00,0.00,0.00,0.00,0.00,0.00,0.00,0.00,0.00,0.00,1.00
162,0,32.200,0.98,1,0.02,0.00,0.33,0.00,0.00,0.00,0.00,0.28,0.07,0.13,0.00,1.37,0.00,0.00,0.66,0.05,0.93,0.00,0.00,1.00,0.00,0.00,0.00,0.00,0.00,0.00,0.00,0.00,0.00,0.00,0.00,0.00,0.00,0.00,1.00
163,0,32.400,0.98,1,0.02,0.00,0.32,0.00,0.00,0.00,0.00,0.31,0.06,0.10,0.05,1.30,0.00,0.00,0.75,0.05,1.09,0.00,0.00,1.00,0.00,0.00,0.00,0.00,0.00,0.00,0.00,0.00,0.00,0.00,0.00,0.00,0.00,0.00,1.00
164,0,32.600,0.98,1,0.09,0.00,0.29,0.00,0.00,0.00,0.00,0.37,0.00,0.11,0.05,1.24,0.00,0.00,0.82,0.01,1.36,0.00,0.00,1.00,0.00,0.00,0.00,0.00,0.00,0.00,0.00,0.00,0.00,0.00,0.00,0.00,0.00,0.00,1.00
165,0,32.800,0.98,1,0.09,0.00,0.33,0.00,0.00,0.00,0.00,0.31,0.00,0.12,0.05,1.16,0.00,0.00,0.85,0.07,1.16,0.00,0.00,1.00,0.00,0.00,0.00,0.00,0.00,0.00,0.00,0.00,0.00,0.00,0.00,0.00,0.00,0.00,1.00
166,0,33.000,0.98,1,0.16,0.00,0.39,0.00,0.00,0.00,0.00,0.37,0.00,0.15,0.18,1.21,0.00,0.00,0.88,0.07,1.14,0.00,0.00,1.00,0.00,0.00,0.00,0.00,0.00,0.00,0.00,0.00,1.00,0.00,0.00,0.00,0.00,0.00,1.00
167,0,33.200,0.98,1,0.07,0.00,0.49,0.00,0.00,0.00,0.00,0.40,0.00,0.04,0.26,1.34,0.00,0.00,0.89,0.17,1.05,0.00,0.00,1.00,0.00,0.00,0.00,0.00,0.00,0.00,0.00,0.00,1.00,0.00,0.00,0.00,0.00,0.00,1.00
168,0,33.400,0.98,1,0.07,0.00,0.42,0.00,0.00,0.00,0.00,0.49,0.00,0.03,0.26,1.40,0.00,0.00,0.87,0.11,1.05,0.00,0.00,1.00,0.00,0.00,0.00,0.00,0.00,0.00,0.00,0.00,1.00,0.00,0.00,0.00,0.00,0.00,1.00
169,0,33.600,0.98,1,0.05,0.00,0.37,0.00,0.00,0.00,0.00,0.42,0.00,0.00,0.07,1.43,0.00,0.00,0.78,0.11,1.05,0.00,0.00,1.00,0.00,0.00,0.00,0.00,0.00,0.00,0.00,0.00,1.00,0.00,0.00,0.00,0.00,0.00,1.00
170,0,33.800,0.98,1,0.15,0.00,0.32,0.00,0.00,0.00,0.00,0.31,0.00,0.00,0.00,1.37,0.00,0.00,0.95,0.09,1.14,0.00,0.00,1.00,0.00,0.00,0.00,0.00,0.00,0.00,0.00,0.00,1.00,0.00,0.00,0.00,0.00,0.00,1.00
171,0,34.000,0.98,1,0.29,0.00,0.35,0.00,0.00,0.00,0.00,0.16,0.00,0.09,0.10,1.37,0.00,0.00,1.08,0.09,1.24,0.00,0.00,1.00,0.00,0.00,0.00,0.00,0.00,0.00,0.00,0.00,1.00,0.00,0.00,0.00,0.00,0.00,1.00
172,0,34.200,0.98,1,0.24,0.00,0.40,0.00,0.00,0.00,0.00,0.04,0.00,0.33,0.45,1.39,0.11,0.12,1.06,0.12,1.39,0.00,0.00,1.00,0.00,0.00,0.00,0.00,0.00,0.00,0.00,0.00,1.00,0.00,0.00,0.00,0.00,0.00,1.00
173,0,34.400,0.98,1,0.14,0.00,0.42,0.00,0.00,0.00,0.00,0.00,0.05,0.63,0.67,1.38,0.30,0.34,0.67,0.03,1.46,0.00,0.00,1.00,0.00,0.00,0.00,0.00,0.00,0.00,1.00,0.00,1.00,1.00,0.00,0.00,0.00,0.00,1.00
174,0,34.600,0.98,1,0.00,0.00,0.35,0.00,0.00,0.00,0.00,0.00,0.11,1.07,0.94,1.53,0.59,0.65,0.25,0.03,1.43,0.00,0.00,1.00,0.00,0.00,0.00,0.00,0.00,0.00,1.00,0.00,1.00,1.00,0.00,0.00,0.00,0.00,1.00
175,0,34.800,0.98,1,0.00,0.00,0.28,0.00,0.00,0.00,0.00,0.09,0.11,0.97,0.60,1.45,0.54,0.53,0.16,0.01,1.28,0.00,0.00,1.00,0.00,0.00,0.00,0.00,0.00,0.00,1.00,0.00,1.00,1.00,0.00,0.00,0.00,0.00,1.00
176,0,35.000,0.98,1,0.05,0.00,0.28,0.00,0.00,0.00,0.00,0.14,0.05,0.70,0.38,1.50,0.36,0.31,0.41,0.25,1.17,0.00,0.00,0.00,0.00,0.00,0.00,0.00,0.00,0.00,1.00,0.00,1.00,1.00,0.00,0.00,0.00,0.00,1.00
177,0,35.200,0.98,1,0.13,0.00,0.29,0.00,0.00,0.00,0.00,0.17,0.00,0.18,0.01,1.29,0.07,0.00,0.73,0.38,1.13,0.00,0.00,0.00,0.00,0.00,0.00,0.00,0.00,0.00,0.00,0.00,1.00,0.00,0.00,0.00,0.00,0.00,1.00
178,0,35.400,0.98,1,0.23,0.00,0.28,0.00,0.00,0.00,0.00,0.11,0.00,0.04,0.04,1.32,0.01,0.00,0.95,0.44,1.25,0.00,0.00,0.00,0.00,0.00,0.00,0.00,0.00,0.00,0.00,0.00,1.00,0.00,0.00,0.00,0.00,0.00,1.00
179,0,35.600,0.98,1,0.30,0.00,0.19,0.00,0.00,0.00,0.00,0.23,0.00,0.00,0.04,1.22,0.01,0.00,0.87,0.21,1.32,0.00,0.00,0.00,0.00,0.00,0.00,0.00,0.00,0.00,0.00,0.00,1.00,0.00,0.00,0.00,0.00,0.00,1.00
180,0,35.800,0.98,1,0.35,0.00,0.18,0.00,0.00,0.00,0.00,0.21,0.00,0.00,0.04,1.20,0.04,0.00,0.86,0.14,1.29,0.00,0.00,0.00,0.00,0.00,0.00,0.00,0.00,0.00,0.00,0.00,1.00,0.00,0.00,0.00,0.00,0.00,1.00
181,0,36.000,0.98,1,0.30,0.00,0.20,0.00,0.00,0.00,0.00,0.17,0.00,0.00,0.06,1.18,0.23,0.00,0.81,0.06,1.23,0.00,0.00,1.00,0.00,0.00,0.00,0.00,0.00,0.00,0.00,0.00,1.00,0.00,0.00,0.00,0.00,0.00,1.00
182,0,36.200,0.98,1,0.31,0.00,0.23,0.00,0.00,0.00,0.07,0.04,0.00,0.15,0.11,1.00,0.49,0.00,0.94,0.06,1.17,0.00,0.00,1.00,0.00,0.00,0.00,0.00,0.00,0.00,0.00,0.00,1.00,0.00,0.00,0.00,0.00,0.00,1.00
183,0,36.400,0.98,1,0.53,0.00,0.35,0.00,0.00,0.00,0.07,0.06,0.00,0.27,0.11,0.92,0.57,0.00,0.95,0.00,1.24,0.00,0.00,1.00,0.00,0.00,0.00,0.00,0.00,0.00,0.00,0.00,0.00,0.00,0.00,0.00,0.00,0.00,1.00
184,0,36.600,0.98,1,1.14,0.05,0.42,0.00,0.00,0.00,0.07,0.06,0.00,0.30,0.05,0.75,0.62,0.00,0.91,0.06,1.24,1.00,0.00,0.00,0.00,0.00,0.00,0.00,0.00,0.00,0.00,0.00,0.00,0.00,0.00,0.00,0.00,0.00,1.00
185,0,36.800,0.98,1,1.39,0.05,0.43,0.00,0.00,0.00,0.00,0.02,0.00,0.15,0.00,0.78,0.46,0.00,0.88,0.11,1.14,1.00,0.00,0.00,0.00,0.00,0.00,0.00,0.00,0.00,0.00,0.00,0.00,0.00,0.00,1.00,0.00,0.00,1.00
186,0,37.000,0.98,1,1.41,0.05,0.24,0.00,0.00,0.00,0.00,0.00,0.00,0.03,0.00,0.70,0.45,0.00,0.85,0.11,1.03,1.00,0.00,0.00,0.00,0.00,0.00,0.00,0.00,0.00,0.00,0.00,0.00,0.00,0.00,1.00,0.00,0.00,1.00
187,0,37.200,0.98,1,1.03,0.00,0.09,0.00,0.00,0.00,0.00,0.00,0.00,0.07,0.00,0.66,0.29,0.00,0.87,0.05,0.92,1.00,0.00,0.00,0.00,0.00,0.00,0.00,0.00,0.00,0.00,0.00,0.00,0.00,0.00,1.00,0.00,0.00,1.00
188,0,37.400,0.98,1,0.69,0.00,0.04,0.00,0.00,0.00,0.00,0.00,0.00,0.07,0.00,0.65,0.19,0.00,0.97,0.13,1.01,0.00,0.00,0.00,0.00,0.00,0.00,0.00,0.00,0.00,0.00,0.00,0.00,0.00,0.00,1.00,0.00,0.00,1.00
189,0,37.600,0.98,1,0.51,0.00,0.16,0.00,0.00,0.00,0.00,0.01,0.00,0.07,0.00,0.72,0.09,0.00,1.02,0.42,1.61,0.00,0.00,0.00,0.00,0.00,0.00,0.00,0.00,0.00,0.00,0.00,0.00,0.00,0.00,1.00,0.00,0.00,1.00
190,0,37.800,0.98,1,0.25,0.00,0.19,0.00,0.00,0.00,0.00,0.01,0.07,0.20,0.00,0.91,0.18,0.08,0.75,0.46,1.89,0.00,0.00,0.00,0.00,0.00,0.00,0.00,0.00,0.00,0.00,0.00,0.00,0.00,0.00,1.00,0.00,0.00,1.00
191,0,38.000,0.98,1,0.20,0.00,0.24,0.00,0.00,0.00,0.00,0.01,0.14,0.40,0.20,1.13,0.41,0.24,0.39,0.34,2.07,0.00,0.00,0.00,0.00,0.00,0.00,0.00,0.00,0.00,0.00,0.00,0.00,0.00,0.00,0.00,0.00,0.00,1.00
192,0,38.200,0.98,1,0.01,0.00,0.24,0.00,0.00,0.00,0.00,0.08,0.21,0.51,0.24,1.13,0.43,0.24,0.22,0.04,1.55,0.00,0.00,0.00,0.00,0.00,0.00,0.00,0.00,0.00,0.00,0.00,0.00,0.00,0.00,0.00,0.00,0.00,1.00
193,0,38.400,0.98,1,0.02,0.00,0.33,0.00,0.00,0.00,0.00,0.18,0.15,0.38,0.24,0.99,0.26,0.16,0.46,0.05,1.32,0.00,0.00,0.00,0.00,0.00,0.00,0.00,0.00,0.00,0.00,0.00,0.00,0.00,0.00,0.00,0.00,0.00,1.00
194,0,38.600,0.98,1,0.06,0.00,0.45,0.00,0.00,0.00,0.00,0.29,0.08,0.31,0.05,0.95,0.02,0.00,0.93,0.26,1.17,0.00,0.00,0.00,0.00,0.00,0.00,0.00,0.00,0.00,1.00,0.00,0.00,0.00,0.00,0.00,0.00,0.00,1.00
195,0,38.800,0.98,1,0.07,0.00,0.55,0.00,0.00,0.00,0.00,0.37,0.02,0.26,0.00,0.99,0.00,0.00,1.05,0.57,1.15,0.00,0.00,0.00,0.00,0.00,0.00,0.00,0.00,0.00,1.00,0.00,0.00,0.00,0.00,0.00,0.00,0.00,1.00
196,0,39.000,0.98,1,0.06,0.00,0.46,0.00,0.00,0.00,0.00,0.27,0.09,0.42,0.07,1.10,0.14,0.17,0.93,0.51,1.25,0.00,0.00,0.00,0.00,0.00,0.00,0.00,0.00,0.00,1.00,0.00,0.00,0.00,0.00,0.00,0.00,0.00,1.00
197,0,39.200,0.98,1,0.02,0.00,0.30,0.00,0.00,0.00,0.00,0.15,0.14,0.52,0.18,1.10,0.33,0.22,0.51,0.30,1.30,0.00,0.00,0.00,0.00,0.00,0.00,0.00,0.00,0.00,0.00,0.00,0.00,0.00,0.00,0.00,0.00,0.00,1.00
198,0,39.400,0.98,1,0.00,0.00,0.16,0.00,0.00,0.00,0.00,0.04,0.16,0.68,0.31,1.01,0.33,0.22,0.42,0.00,1.34,0.00,0.00,1.00,0.00,0.00,0.00,0.00,0.00,0.00,1.00,0.00,0.00,0.00,0.00,0.00,0.00,0.00,1.00
199,0,39.600,0.98,1,0.02,0.00,0.25,0.00,0.00,0.00,0.00,0.08,0.08,0.51,0.30,0.88,0.19,0.05,0.55,0.01,1.11,0.00,0.00,1.00,0.00,0.00,0.00,0.00,0.00,0.00,1.00,0.00,0.00,0.00,0.00,0.00,0.00,0.00,1.00
200,0,39.800,0.98,1,0.02,0.01,0.26,0.00,0.00,0.00,0.00,0.20,0.03,0.53,0.31,0.76,0.18,0.00,0.75,0.01,1.09,0.00,0.00,1.00,0.00,0.00,0.00,0.00,0.00,0.00,1.00,0.00,0.00,0.00,0.00,0.00,0.00,0.00,1.00
201,0,40.000,0.98,1,0.02,0.01,0.28,0.00,0.00,0.00,0.00,0.18,0.01,0.50,0.25,0.74,0.18,0.00,0.85,0.01,1.03,0.00,0.00,1.00,0.00,0.00,0.00,0.00,0.00,0.00,1.00,0.00,0.00,0.00,0.00,0.00,0.00,0.00,1.00
202,0,40.200,0.98,1,0.03,0.01,0.27,0.00,0.00,0.00,0.00,0.21,0.02,0.50,0.23,0.75,0.18,0.00,0.79,0.13,1.24,0.00,0.00,1.00,0.00,0.00,0.00,0.00,0.00,0.00,1.00,0.00,0.00,0.00,0.00,0.00,0.00,0.00,1.00
203,0,40.400,0.98,1,0.06,0.00,0.35,0.00,0.00,0.00,0.00,0.13,0.02,0.36,0.11,0.73,0.02,0.00,0.78,0.19,1.17,0.00,0.00,1.00,0.00,0.00,0.00,0.00,0.00,0.00,1.00,0.00,0.00,0.00,0.00,0.00,0.00,0.00,1.00
204,0,40.600,0.98,1,0.06,0.00,0.41,0.00,0.00,0.00,0.00,0.12,0.02,0.33,0.04,0.71,0.02,0.00,0.69,0.19,1.22,0.00,0.00,1.00,0.00,0.00,0.00,0.00,0.00,0.00,1.00,0.00,0.00,0.00,0.00,0.00,0.00,0.00,1.00
205,0,40.800,0.98,1,0.02,0.00,0.44,0.00,0.00,0.00,0.00,0.05,0.00,0.45,0.00,0.65,0.08,0.00,0.79,0.20,1.17,0.00,0.00,1.00,0.00,0.00,0.00,0.00,0.00,0.00,1.00,0.00,0.00,0.00,0.00,0.00,0.00,0.00,1.00
206,0,41.000,0.98,1,0.00,0.00,0.42,0.00,0.00,0.00,0.00,0.04,0.00,0.49,0.00,0.60,0.08,0.00,0.78,0.14,1.19,0.00,0.00,1.00,0.00,0.00,0.00,0.00,0.00,0.00,1.00,0.00,0.00,0.00,0.00,0.00,0.00,0.00,1.00
207,0,41.200,0.98,1,0.00,0.00,0.27,0.00,0.00,0.00,0.00,0.10,0.00,0.32,0.40,0.39,0.08,0.00,0.63,0.14,1.59,0.00,0.00,1.00,0.00,0.00,0.00,0.00,0.00,0.00,1.00,0.00,0.00,0.00,0.00,0.00,0.00,0.00,1.00
208,0,41.400,0.98,1,0.00,0.08,0.19,0.00,0.02,0.15,0.16,0.36,0.11,0.15,0.40,0.20,0.02,0.00,0.33,0.00,1.28,0.00,0.00,1.00,0.00,0.00,0.00,0.00,0.00,0.00,1.00,0.00,0.00,0.00,0.00,0.00,0.00,0.00,1.00
209,0,41.600,0.98,1,0.00,0.08,0.33,0.21,0.20,0.40,0.24,0.96,0.22,0.40,0.40,0.00,0.00,0.28,0.08,0.00,0.86,0.00,0.00,1.00,0.00,0.00,1.00,0.00,0.00,0.00,0.00,0.00,0.00,0.00,0.00,0.00,0.00,0.00,1.00
210,0,41.800,0.88,1,0.00,0.08,0.46,0.21,0.29,0.73,0.29,1.55,0.43,0.71,0.00,0.00,0.00,0.28,0.00,0.00,0.07,0.00,0.00,1.00,0.00,0.00,1.00,0.00,0.00,0.00,0.00,0.00,0.00,0.00,0.00,0.00,0.00,0.00,0.00
211,0,42.000,0.88,1,0.00,0.00,0.46,0.23,0.35,0.80,0.20,1.80,0.57,0.88,0.00,0.00,0.00,0.28,0.00,0.00,0.00,1.00,0.00,1.00,1.00,0.00,1.00,0.00,0.00,0.00,0.00,0.00,0.00,0.00,0.00,0.00,0.00,0.00,0.00
212,0,42.200,0.88,1,0.00,0.23,0.39,0.17,0.23,0.85,0.15,1.46,0.68,0.60,0.00,0.00,0.00,0.00,0.00,0.00,0.00,1.00,0.00,1.00,1.00,0.00,1.00,0.00,0.00,0.00,0.00,0.00,0.00,0.00,0.00,0.00,0.00,0.00,0.00
213,0,42.400,0.88,1,0.00,0.51,0.55,0.24,0.19,0.81,0.21,1.21,0.66,0.28,0.00,0.00,0.00,0.00,0.00,0.00,0.00,1.00,0.00,1.00,1.00,0.00,1.00,0.00,0.00,0.00,0.00,0.00,0.00,0.00,0.00,0.00,0.00,0.00,0.00
214,0,42.600,0.88,1,0.00,0.75,0.78,0.30,0.19,1.04,0.31,1.17,0.62,0.13,0.00,0.00,0.00,0.00,0.00,0.00,0.00,1.00,0.00,1.00,1.00,0.00,1.00,0.00,0.00,0.00,0.00,0.00,0.00,0.00,0.00,0.00,0.00,0.00,0.00
215,0,42.800,0.88,1,0.00,0.52,0.70,0.40,0.16,1.02,0.46,1.30,0.59,0.03,0.00,0.00,0.00,0.00,0.00,0.00,0.00,1.00,0.00,1.00,1.00,0.00,1.00,0.00,0.00,0.00,0.00,0.00,0.00,0.00,0.00,0.00,0.00,0.00,0.00
216,0,43.000,0.93,1,0.00,0.23,0.52,0.56,0.15,1.22,0.61,1.30,0.60,0.03,0.00,0.00,0.00,0.00,0.00,0.00,0.00,1.00,0.00,1.00,1.00,0.00,1.00,0.00,0.00,0.00,0.00,0.00,0.00,0.00,0.00,0.00,0.00,0.00,0.00
217,0,43.200,0.88,1,0.00,0.00,0.34,0.83,0.07,0.96,0.74,1.17,0.53,0.02,0.00,0.00,0.00,0.00,0.00,0.00,0.00,1.00,0.00,1.00,1.00,0.00,1.00,0.00,0.00,0.00,0.00,0.00,0.00,0.00,0.00,0.00,0.00,0.00,0.00
218,0,43.400,0.88,1,0.00,0.00,0.43,0.98,0.06,0.97,0.98,1.08,0.50,0.04,0.00,0.00,0.00,0.00,0.00,0.00,0.00,0.00,0.00,1.00,1.00,0.00,1.00,0.00,0.00,0.00,0.00,0.00,0.00,0.00,0.00,0.00,0.00,0.00,0.00
219,0,43.600,0.98,1,0.00,0.00,0.42,1.16,0.10,0.81,1.18,1.06,0.51,0.08,0.00,0.00,0.00,0.00,0.00,0.00,0.00,0.00,0.00,1.00,1.00,0.00,1.00,0.00,0.00,0.00,0.00,0.00,0.00,0.00,0.00,0.00,0.00,0.00,0.00
220,0,43.800,0.98,1,0.00,0.00,0.51,1.22,0.20,0.91,1.31,1.08,0.58,0.16,0.00,0.00,0.00,0.00,0.00,0.00,0.00,0.00,0.00,1.00,1.00,0.00,1.00,0.00,0.00,0.00,0.00,0.00,0.00,0.00,0.00,0.00,0.00,0.00,0.00
221,0,44.000,0.98,1,0.00,0.00,0.53,1.17,0.32,1.06,1.28,1.15,0.63,0.21,0.00,0.00,0.00,0.00,0.00,0.00,0.00,0.00,0.00,1.00,1.00,0.00,1.00,0.00,0.00,0.00,0.00,0.00,0.00,0.00,0.00,0.00,0.00,0.00,0.00
222,0,44.200,0.98,1,0.00,0.00,0.64,1.02,0.33,1.19,1.20,1.13,0.60,0.33,0.00,0.00,0.00,0.00,0.00,0.00,0.00,0.00,0.00,1.00,1.00,0.00,1.00,0.00,0.00,0.00,0.00,0.00,0.00,0.00,0.00,0.00,0.00,0.00,0.00
223,0,44.400,0.98,1,0.00,0.13,0.58,1.07,0.37,1.26,1.13,1.26,0.63,0.41,0.00,0.00,0.00,0.00,0.00,0.00,0.00,1.00,0.00,1.00,1.00,0.00,1.00,0.00,0.00,0.00,0.00,0.00,0.00,0.00,0.00,0.00,0.00,0.00,0.00
224,0,44.600,0.98,1,0.00,0.30,0.59,1.22,0.38,1.24,1.11,1.27,0.61,0.37,0.00,0.00,0.00,0.00,0.00,0.00,0.00,1.00,0.00,1.00,1.00,0.00,1.00,0.00,0.00,0.00,0.00,0.00,0.00,0.00,0.00,0.00,0.00,0.00,0.00
225,0,44.800,0.98,1,0.00,0.34,0.62,1.45,0.45,1.21,1.11,1.30,0.61,0.33,0.00,0.00,0.00,0.00,0.00,0.00,0.00,1.00,0.00,1.00,1.00,0.00,1.00,0.00,0.00,0.00,0.00,0.00,0.00,0.00,0.00,0.00,0.00,0.00,0.00
226,0,45.000,0.98,1,0.00,0.22,0.66,1.41,0.50,1.08,1.14,1.25,0.55,0.30,0.00,0.00,0.00,0.00,0.00,0.00,0.00,1.00,0.00,1.00,1.00,0.00,1.00,0.00,0.00,0.00,0.00,0.00,0.00,0.00,0.00,0.00,0.00,0.00,0.00
227,0,45.200,0.98,1,0.00,0.08,0.67,1.30,0.49,0.94,1.12,1.23,0.50,0.40,0.00,0.00,0.00,0.00,0.00,0.00,0.00,1.00,0.00,1.00,1.00,0.00,1.00,0.00,0.00,0.00,0.00,0.00,0.00,0.00,0.00,0.00,0.00,0.00,0.00
228,0,45.400,0.98,1,0.00,0.10,0.61,1.21,0.54,0.86,1.16,1.27,0.51,0.29,0.00,0.00,0.00,0.00,0.00,0.00,0.00,1.00,0.00,1.00,1.00,0.00,1.00,0.00,0.00,0.00,0.00,0.00,0.00,0.00,0.00,0.00,0.00,0.00,0.00
229,0,45.600,0.98,1,0.00,0.17,0.53,1.19,0.55,0.90,1.17,1.22,0.49,0.16,0.00,0.00,0.00,0.00,0.00,0.00,0.00,1.00,0.00,1.00,1.00,0.00,1.00,0.00,0.00,0.00,0.00,0.00,0.00,0.00,0.00,0.00,0.00,0.00,0.00
230,0,45.800,0.98,1,0.00,0.18,0.40,1.23,0.63,0.80,1.16,1.16,0.54,0.02,0.00,0.00,0.00,0.00,0.00,0.00,0.00,0.00,0.00,1.00,1.00,0.00,1.00,0.00,0.00,0.00,0.00,0.00,0.00,0.00,0.00,0.00,0.00,0.00,0.00
231,0,46.000,0.98,1,0.00,0.14,0.32,1.25,0.66,0.71,1.11,1.08,0.57,0.05,0.00,0.00,0.00,0.00,0.00,0.00,0.00,0.00,0.00,1.00,1.00,0.00,1.00,0.00,0.00,0.00,0.00,0.00,0.00,0.00,0.00,0.00,0.00,0.00,0.00
232,0,46.200,0.98,1,0.00,0.07,0.32,1.25,0.71,0.70,1.05,1.09,0.59,0.05,0.00,0.00,0.00,0.00,0.00,0.00,0.00,0.00,0.00,1.00,1.00,0.00,1.00,0.00,0.00,0.00,0.00,0.00,0.00,0.00,0.00,0.00,0.00,0.00,0.00
233,0,46.400,0.98,1,0.00,0.03,0.40,1.33,0.76,0.85,1.04,1.18,0.62,0.07,0.00,0.00,0.00,0.00,0.00,0.00,0.00,0.00,0.00,1.00,1.00,0.00,1.00,0.00,0.00,0.00,0.00,0.00,0.00,0.00,0.00,0.00,0.00,0.00,0.00
234,0,46.600,0.98,1,0.00,0.02,0.37,1.38,0.80,0.96,0.96,1.15,0.58,0.03,0.00,0.00,0.00,0.00,0.00,0.00,0.00,0.00,0.00,1.00,1.00,1.00,1.00,0.00,0.00,0.00,0.00,0.00,0.00,0.00,0.00,0.00,0.00,0.00,0.00
235,0,46.800,0.98,1,0.00,0.02,0.41,1.39,0.82,0.98,0.93,1.22,0.59,0.03,0.00,0.00,0.00,0.00,0.00,0.00,0.00,1.00,0.00,1.00,1.00,1.00,1.00,0.00,0.00,0.00,0.00,0.00,0.00,0.00,0.00,0.00,0.00,0.00,0.00
236,0,47.000,0.98,1,0.00,0.05,0.39,1.31,0.83,0.90,0.92,1.26,0.52,0.00,0.00,0.00,0.00,0.00,0.00,0.00,0.00,1.00,0.00,1.00,1.00,1.00,1.00,0.00,0.00,0.00,0.00,0.00,0.00,0.00,0.00,0.00,0.00,0.00,0.00
237,0,47.200,0.98,1,0.00,0.17,0.45,1.34,0.78,0.82,0.98,1.34,0.53,0.00,0.00,0.00,0.00,0.00,0.00,0.00,0.00,1.00,1.00,1.00,1.00,0.00,1.00,0.00,0.00,0.00,0.00,0.00,0.00,0.00,0.00,0.00,0.00,0.00,0.00
238,0,47.400,0.98,1,0.00,0.24,0.42,1.31,0.74,0.83,0.98,1.29,0.50,0.00,0.00,0.00,0.00,0.00,0.00,0.00,0.00,1.00,1.00,1.00,1.00,0.00,1.00,0.00,0.00,0.00,0.00,0.00,0.00,0.00,0.00,0.00,0.00,0.00,0.00
239,0,47.600,0.98,1,0.00,0.22,0.34,1.30,0.74,1.00,1.00,1.24,0.50,0.00,0.00,0.00,0.00,0.00,0.00,0.00,0.00,1.00,1.00,1.00,1.00,0.00,1.00,0.00,0.00,0.00,0.00,0.00,0.00,0.00,0.00,0.00,0.00,0.00,0.00
240,0,47.800,0.98,1,0.00,0.10,0.20,1.18,0.72,1.17,1.04,1.25,0.46,0.00,0.00,0.00,0.00,0.00,0.00,0.00,0.00,1.00,1.00,1.00,1.00,0.00,1.00,0.00,0.00,0.00,0.00,0.00,0.00,0.00,0.00,0.00,0.00,0.00,0.00
241,0,48.000,0.98,1,0.00,0.02,0.11,1.23,0.72,1.21,1.07,1.25,0.45,0.00,0.00,0.00,0.00,0.00,0.00,0.00,0.00,1.00,1.00,1.00,1.00,0.00,1.00,0.00,0.00,0.00,0.00,0.00,0.00,0.00,0.00,0.00,0.00,0.00,0.00
242,0,48.200,0.98,1,0.00,0.03,0.13,1.24,0.72,1.21,1.03,1.13,0.40,0.00,0.08,0.00,0.00,0.00,0.00,0.00,0.00,1.00,0.00,1.00,1.00,0.00,1.00,0.00,0.00,0.00,0.00,0.00,0.00,0.00,0.00,0.00,0.00,0.00,0.00
243,0,48.400,0.98,1,0.00,0.10,0.25,1.26,0.78,1.27,0.96,1.03,0.40,0.00,0.17,0.00,0.00,0.00,0.00,0.00,0.00,1.00,0.00,1.00,1.00,0.00,1.00,0.00,0.00,0.00,0.00,0.00,0.00,0.00,0.00,0.00,0.00,0.00,0.00
244,0,48.600,0.98,1,0.00,0.27,0.38,0.99,0.86,1.52,0.94,0.97,0.39,0.00,0.17,0.00,0.00,0.00,0.00,0.00,0.00,1.00,0.00,1.00,1.00,1.00,1.00,0.00,0.00,0.00,0.00,0.00,0.00,0.00,0.00,0.00,0.00,0.00,0.00
245,0,48.800,0.98,1,0.00,0.31,0.44,0.81,0.89,1.58,0.90,1.04,0.40,0.00,0.09,0.00,0.00,0.00,0.00,0.00,0.00,1.00,1.00,1.00,1.00,1.00,1.00,0.00,0.00,0.00,0.00,0.00,0.00,0.00,0.00,0.00,0.00,0.00,0.00
246,0,49.000,0.98,1,0.00,0.39,0.49,0.73,0.90,1.80,0.89,1.09,0.46,0.00,0.14,0.00,0.00,0.00,0.00,0.00,0.00,1.00,1.00,1.00,1.00,1.00,1.00,0.00,0.00,0.00,0.00,0.00,0.00,0.00,0.00,0.00,0.00,0.00,0.00
247,0,49.200,0.98,1,0.00,0.27,0.40,0.87,0.86,1.74,0.89,1.14,0.46,0.00,0.13,0.00,0.00,0.00,0.00,0.00,0.00,1.00,1.00,1.00,1.00,1.00,1.00,0.00,0.00,0.00,0.00,0.00,0.00,0.00,0.00,0.00,0.00,0.00,0.00
248,0,49.400,0.98,1,0.00,0.19,0.37,0.90,0.86,1.74,0.88,1.25,0.51,0.00,0.19,0.00,0.00,0.00,0.00,0.00,0.00,1.00,1.00,1.00,1.00,1.00,1.00,0.00,0.00,0.00,0.00,0.00,0.00,0.00,0.00,0.00,0.00,0.00,0.00
249,0,49.600,0.98,1,0.00,0.11,0.21,0.94,0.83,1.32,0.90,1.25,0.49,0.00,0.06,0.00,0.00,0.00,0.00,0.00,0.00,1.00,1.00,1.00,1.00,1.00,1.00,0.00,0.00,0.00,0.00,0.00,0.00,0.00,0.00,0.00,0.00,0.00,0.00
250,0,49.800,0.98,1,0.00,0.06,0.18,0.97,0.79,1.18,0.88,1.31,0.49,0.00,0.06,0.00,0.00,0.00,0.00,0.00,0.00,1.00,1.00,1.00,1.00,0.00,1.00,0.00,0.00,0.00,0.00,0.00,0.00,0.00,0.00,0.00,0.00,0.00,0.00
251,0,50.000,0.98,1,0.00,0.06,0.18,1.12,0.75,1.01,0.95,1.32,0.44,0.00,0.00,0.00,0.00,0.00,0.00,0.00,0.00,1.00,1.00,1.00,1.00,0.00,1.00,0.00,0.00,0.00,0.00,0.00,0.00,0.00,0.00,0.00,0.00,0.00,0.00
252,0,50.200,0.98,1,0.00,0.00,0.21,1.13,0.78,1.13,0.88,1.37,0.37,0.00,0.04,0.00,0.00,0.00,0.00,0.00,0.00,1.00,1.00,1.00,1.00,0.00,1.00,0.00,0.00,0.00,0.00,0.00,0.00,0.00,0.00,0.00,0.00,0.00,0.00
253,0,50.400,0.98,1,0.00,0.00,0.24,1.04,0.79,1.19,0.81,1.36,0.38,0.00,0.04,0.00,0.00,0.00,0.00,0.00,0.00,1.00,1.00,1.00,1.00,0.00,1.00,0.00,0.00,0.00,0.00,0.00,0.00,0.00,0.00,0.00,0.00,0.00,0.00
254,0,50.600,0.98,1,0.00,0.11,0.21,1.02,0.77,1.33,0.79,1.25,0.39,0.00,0.04,0.00,0.00,0.00,0.00,0.00,0.00,1.00,1.00,1.00,1.00,0.00,1.00,0.00,0.00,0.00,0.00,0.00,0.00,0.00,0.00,0.00,0.00,0.00,0.00
255,0,50.800,0.98,1,0.00,0.13,0.34,1.03,0.77,1.44,0.86,1.23,0.42,0.00,0.00,0.00,0.00,0.00,0.00,0.00,0.00,1.00,1.00,1.00,1.00,0.00,1.00,0.00,0.00,0.00,0.00,0.00,0.00,0.00,0.00,0.00,0.00,0.00,0.00
256,0,51.000,0.98,1,0.00,0.19,0.36,1.17,0.78,1.51,0.91,1.15,0.42,0.00,0.03,0.00,0.00,0.00,0.00,0.00,0.00,1.00,1.00,1.00,1.00,0.00,1.00,0.00,0.00,0.00,0.00,0.00,0.00,0.00,0.00,0.00,0.00,0.00,0.00
257,0,51.200,0.98,1,0.00,0.22,0.42,1.19,0.78,1.46,0.87,1.14,0.43,0.00,0.03,0.00,0.00,0.00,0.00,0.00,0.00,1.00,1.00,1.00,1.00,0.00,1.00,0.00,0.00,0.00,0.00,0.00,0.00,0.00,0.00,0.00,0.00,0.00,0.00
258,0,51.400,0.98,1,0.00,0.22,0.35,1.16,0.78,1.41,0.73,1.15,0.41,0.00,0.27,0.00,0.00,0.00,0.00,0.00,0.00,1.00,1.00,1.00,1.00,0.00,1.00,0.00,0.00,0.00,0.00,0.00,0.00,0.00,0.00,0.00,0.00,0.00,0.00
259,0,51.600,0.98,1,0.00,0.16,0.32,1.19,0.78,1.34,0.60,1.26,0.41,0.00,0.32,0.00,0.00,0.00,0.00,0.00,0.00,1.00,1.00,1.00,1.00,0.00,1.00,0.00,0.00,0.00,0.00,0.00,0.00,0.00,0.00,0.00,0.00,0.00,0.00
260,0,51.800,0.98,1,0.00,0.11,0.33,1.03,0.79,1.47,0.61,1.38,0.45,0.00,0.32,0.00,0.00,0.00,0.00,0.00,0.00,1.00,1.00,1.00,1.00,0.00,1.00,0.00,0.00,0.00,0.00,0.00,0.00,0.00,0.00,0.00,0.00,0.00,0.00
261,0,52.000,0.98,1,0.00,0.31,0.31,0.94,0.77,1.44,0.71,1.44,0.45,0.00,0.08,0.00,0.00,0.00,0.00,0.00,0.00,1.00,1.00,1.00,1.00,0.00,1.00,0.00,0.00,0.00,0.00,0.00,0.00,0.00,0.00,0.00,0.00,0.00,0.00
262,0,52.200,0.98,1,0.00,0.55,0.30,0.90,0.75,1.49,0.82,1.50,0.45,0.00,0.01,0.00,0.00,0.00,0.00,0.00,0.00,1.00,1.00,1.00,1.00,0.00,1.00,0.00,0.00,0.00,0.00,0.00,0.00,0.00,0.00,0.00,0.00,0.00,0.00
263,0,52.400,0.98,1,0.00,0.56,0.28,0.83,0.71,1.34,0.87,1.55,0.40,0.00,0.00,0.00,0.00,0.00,0.00,0.00,0.00,1.00,1.00,1.00,1.00,0.00,1.00,0.00,0.00,0.00,0.00,0.00,0.00,0.00,0.00,0.00,0.00,0.00,0.00
264,0,52.600,0.98,1,0.00,0.48,0.31,0.84,0.68,1.26,0.89,1.50,0.44,0.00,0.00,0.00,0.00,0.00,0.00,0.00,0.00,1.00,1.00,1.00,1.00,0.00,1.00,0.00,0.00,0.00,0.00,0.00,0.00,0.00,0.00,0.00,0.00,0.00,0.00
265,0,52.800,0.98,1,0.00,0.77,0.22,0.47,0.77,1.37,0.91,1.40,0.51,0.00,0.00,0.00,0.00,0.00,0.00,0.00,0.00,1.00,1.00,1.00,1.00,0.00,1.00,0.00,0.00,0.00,0.00,0.00,0.00,0.00,0.00,0.00,0.00,0.00,0.00
266,0,53.000,0.98,1,0.00,1.11,0.13,0.34,0.72,1.42,0.87,1.29,0.59,0.00,0.00,0.00,0.00,0.00,0.00,0.00,0.00,1.00,1.00,1.00,0.00,0.00,1.00,0.00,0.00,0.00,0.00,0.00,0.00,0.00,0.00,0.00,0.00,0.00,0.00
267,0,53.200,0.98,1,0.04,1.58,0.15,0.09,0.77,1.62,1.03,1.27,0.67,0.00,0.00,0.00,0.00,0.00,0.00,0.00,0.32,1.00,1.00,1.00,0.00,0.00,1.00,0.00,0.00,0.00,0.00,0.00,0.00,0.00,0.00,0.00,0.00,0.00,0.00
268,0,53.400,0.98,1,0.04,1.06,0.18,0.35,0.55,1.01,1.04,0.82,0.46,0.02,0.00,0.00,0.00,0.00,0.00,0.00,0.54,1.00,1.00,1.00,0.00,0.00,1.00,0.00,0.00,0.00,0.00,0.00,0.00,0.00,0.00,0.00,0.00,0.00,0.00
269,0,53.600,0.98,1,0.04,0.60,0.29,0.27,0.37,0.57,0.76,0.49,0.24,0.41,0.15,0.00,0.00,0.00,0.35,0.38,1.15,1.00,1.00,1.00,0.00,0.00,0.00,0.00,0.00,0.00,0.00,0.00,0.00,0.00,0.00,0.00,0.00,0.00,0.00
270,0,53.800,0.98,1,0.14,0.32,0.14,0.27,0.11,0.00,0.30,0.09,0.08,1.03,0.15,0.04,0.00,0.00,0.93,0.45,1.42,1.00,1.00,1.00,0.00,0.00,0.00,0.00,0.00,0.00,1.00,0.00,0.00,0.00,0.00,0.00,0.00,0.00,0.00
271,0,54.000,0.98,1,0.37,0.65,0.11,0.00,0.00,0.00,0.00,0.09,0.24,1.37,0.30,0.27,0.36,0.00,1.11,0.45,1.78,1.00,1.00,1.00,0.00,0.00,0.00,0.00,0.00,0.00,1.00,0.00,0.00,0.00,0.00,0.00,0.00,0.00,0.00
272,0,54.200,0.98,1,0.51,0.91,0.04,0.00,0.00,0.00,0.00,0.00,0.39,1.25,0.49,0.77,0.74,0.09,0.85,0.07,1.44,1.00,1.00,1.00,0.00,0.00,0.00,0.00,0.00,0.00,1.00,0.00,0.00,1.00,0.00,0.00,0.00,0.00,0.00
273,0,54.400,0.98,1,0.47,0.63,0.10,0.00,0.01,0.00,0.00,0.10,0.43,0.84,0.69,1.06,1.02,0.09,0.41,0.00,1.17,1.00,1.00,1.00,0.00,0.00,0.00,0.00,0.00,0.00,1.00,0.00,0.00,1.00,0.00,0.00,0.00,0.00,0.00
274,0,54.600,0.98,1,0.36,0.37,0.26,0.00,0.03,0.00,0.00,0.20,0.33,0.69,0.66,1.14,0.89,0.09,0.49,0.10,0.76,1.00,1.00,1.00,0.00,0.00,0.00,0.00,0.00,0.00,1.00,0.00,0.00,1.00,0.00,0.00,0.00,0.00,0.00
275,0,54.800,0.98,1,0.34,0.10,0.29,0.00,0.03,0.00,0.00,0.21,0.19,0.53,0.45,1.01,0.50,0.00,0.62,0.13,0.80,1.00,1.00,1.00,0.00,0.00,0.00,0.00,0.00,0.00,1.00,0.00,0.00,1.00,0.00,0.00,0.00,0.00,0.00
276,0,55.000,0.98,1,0.52,0.26,0.23,0.00,0.02,0.00,0.00,0.25,0.08,0.56,0.25,1.17,0.23,0.00,0.66,0.34,0.75,0.00,1.00,0.00,0.00,0.00,0.00,0.00,0.00,0.00,1.00,0.00,0.00,0.00,0.00,0.00,0.00,0.00,0.00
277,0,55.200,0.98,1,0.72,0.42,0.10,0.00,0.00,0.00,0.00,0.38,0.07,0.37,0.15,1.41,0.00,0.00,0.65,0.54,0.72,0.00,1.00,0.00,0.00,0.00,0.00,0.00,0.00,0.00,0.00,0.00,0.00,0.00,0.00,0.00,0.00,0.00,0.00
278,0,55.400,0.98,1,0.80,0.50,0.10,0.00,0.00,0.00,0.00,0.51,0.07,0.27,0.02,1.28,0.10,0.00,0.59,0.73,0.58,0.00,1.00,0.00,0.00,0.00,0.00,0.00,0.00,0.00,0.00,0.00,0.00,0.00,0.00,0.00,0.00,0.00,0.00
279,0,55.600,0.98,1,0.73,0.44,0.15,0.00,0.00,0.00,0.00,0.57,0.06,0.02,0.02,1.12,0.10,0.00,0.84,0.77,0.71,0.00,1.00,0.00,0.00,0.00,0.00,0.00,0.00,0.00,0.00,0.00,0.00,0.00,0.00,0.00,0.00,0.00,0.00
280,0,55.800,0.98,1,0.59,0.37,0.13,0.00,0.00,0.00,0.00,0.38,0.00,0.00,0.00,0.88,0.10,0.07,0.72,0.48,0.70,0.00,1.00,0.00,0.00,0.00,0.00,0.00,0.00,0.00,0.00,0.00,0.00,0.00,0.00,0.00,0.00,0.00,0.00
281,0,56.000,0.98,1,0.55,0.62,0.05,0.00,0.00,0.00,0.00,0.25,0.00,0.10,0.00,0.94,0.01,0.29,0.84,0.25,0.66,0.00,1.00,0.00,0.00,0.00,0.00,0.00,0.00,0.00,0.00,0.00,0.00,0.00,0.00,0.00,0.00,0.00,0.00
282,0,56.200,0.98,1,0.51,0.57,0.00,0.00,0.00,0.00,0.00,0.07,0.00,0.21,0.00,0.90,0.25,0.32,0.60,0.03,0.44,0.00,1.00,0.00,0.00,0.00,0.00,0.00,0.00,0.00,0.00,0.00,0.00,0.00,0.00,0.00,0.00,0.00,0.00
283,0,56.400,0.98,1,0.45,0.50,0.00,0.00,0.00,0.00,0.00,0.03,0.00,0.36,0.00,0.86,0.46,0.28,0.65,0.03,0.47,0.00,1.00,0.00,0.00,0.00,0.00,0.00,0.00,0.00,0.00,0.00,0.00,0.00,0.00,0.00,0.00,0.00,0.00
284,0,56.600,0.98,1,0.48,0.23,0.00,0.00,0.00,0.00,0.00,0.10,0.01,0.36,0.00,0.90,0.48,0.14,0.60,0.04,0.46,0.00,1.00,0.00,0.00,0.00,0.00,0.00,0.00,0.00,0.00,0.00,0.00,0.00,0.00,0.00,0.00,0.00,0.00
285,0,56.800,0.98,1,0.52,0.23,0.00,0.00,0.00,0.00,0.00,0.13,0.01,0.41,0.00,0.92,0.25,0.15,0.56,0.01,0.51,0.00,1.00,0.00,0.00,0.00,0.00,0.00,0.00,0.00,0.00,0.00,0.00,0.00,0.00,0.00,0.00,0.00,0.00
286,0,57.000,0.98,1,0.56,0.38,0.00,0.00,0.00,0.00,0.00,0.24,0.01,0.33,0.00,1.12,0.04,0.17,0.52,0.02,0.39,0.00,1.00,0.00,0.00,0.00,0.00,0.00,0.00,0.00,0.00,0.00,0.00,0.00,0.00,0.00,0.00,0.00,0.00
287,0,57.200,0.98,1,0.54,0.46,0.00,0.00,0.00,0.00,0.00,0.32,0.01,0.43,0.00,1.06,0.00,0.18,0.47,0.01,0.31,0.00,1.00,0.00,0.00,0.00,0.00,0.00,0.00,0.00,0.00,0.00,0.00,0.00,0.00,0.00,0.00,0.00,0.00
288,0,57.400,0.98,1,0.74,0.59,0.00,0.00,0.00,0.00,0.00,0.41,0.01,0.44,0.00,1.06,0.00,0.13,0.50,0.01,0.78,0.00,1.00,0.00,0.00,0.00,0.00,0.00,0.00,0.00,0.00,0.00,0.00,0.00,0.00,0.00,0.00,0.00,0.00
289,0,57.600,0.98,1,0.83,0.89,0.00,0.00,0.00,0.00,0.00,0.34,0.10,1.06,0.00,0.74,0.01,0.12,0.35,0.00,1.10,0.00,1.00,0.00,0.00,0.00,0.00,0.00,0.00,0.00,0.00,0.00,0.00,0.00,0.00,0.00,0.00,0.00,0.00
290,0,57.800,0.98,1,0.65,0.74,0.00,0.00,0.00,0.00,0.00,0.19,0.09,0.85,0.00,0.47,0.01,0.05,0.18,0.00,1.06,0.00,1.00,0.00,0.00,0.00,0.00,0.00,0.00,0.00,0.00,0.00,0.00,0.00,0.00,0.00,0.00,0.00,0.00
291,0,58.000,0.52,0,0.25,0.53,0.00,0.00,0.00,0.00,0.00,0.04,0.09,0.69,0.00,0.15,0.01,0.05,0.00,0.00,0.38,0.00,0.00,0.00,0.00,0.00,0.00,0.00,0.00,0.00,0.00,0.00,0.00,0.00,0.00,0.00,0.00,0.00,0.00
292,0,58.200,0.03,0,0.00,0.00,0.00,0.00,0.00,0.00,0.00,0.00,0.00,0.00,0.00,0.00,0.00,0.00,0.00,0.00,0.00,0.00,0.00,0.00,0.00,0.00,0.00,0.00,0.00,0.00,0.00,0.00,0.00,0.00,0.00,0.00,0.00,0.00,0.00
293,0,58.400,0.03,0,0.00,0.00,0.00,0.00,0.00,0.00,0.00,0.00,0.00,0.00,0.00,0.00,0.00,0.00,0.00,0.00,0.00,0.00,0.00,0.00,0.00,0.00,0.00,0.00,0.00,0.00,0.00,0.00,0.00,0.00,0.00,0.00,0.00,0.00,0.00
294,0,58.600,0.03,0,0.00,0.00,0.00,0.00,0.00,0.00,0.00,0.00,0.00,0.00,0.00,0.00,0.00,0.00,0.00,0.00,0.00,0.00,0.00,0.00,0.00,0.00,0.00,0.00,0.00,0.00,0.00,0.00,0.00,0.00,0.00,0.00,0.00,0.00,0.00
295,0,58.800,0.52,0,0.00,0.00,0.00,0.00,0.00,0.00,0.00,0.00,0.00,0.00,0.00,0.00,0.00,0.00,0.00,0.00,0.00,0.00,0.00,0.00,0.00,0.00,0.00,0.00,0.00,0.00,0.00,0.00,0.00,0.00,0.00,0.00,0.00,0.00,0.00
296,0,59.000,0.03,0,0.00,0.00,0.00,0.00,0.00,0.00,0.00,0.00,0.00,0.00,0.00,0.00,0.00,0.00,0.00,0.00,0.00,0.00,0.00,0.00,0.00,0.00,0.00,0.00,0.00,0.00,0.00,0.00,0.00,0.00,0.00,0.00,0.00,0.00,0.00
297,0,59.200,0.03,0,0.00,0.00,0.00,0.00,0.00,0.00,0.00,0.00,0.00,0.00,0.00,0.00,0.00,0.00,0.00,0.00,0.00,0.00,0.00,0.00,0.00,0.00,0.00,0.00,0.00,0.00,0.00,0.00,0.00,0.00,0.00,0.00,0.00,0.00,0.00
298,0,59.400,0.03,0,0.00,0.00,0.00,0.00,0.00,0.00,0.00,0.00,0.00,0.00,0.00,0.00,0.00,0.00,0.00,0.00,0.00,0.00,0.00,0.00,0.00,0.00,0.00,0.00,0.00,0.00,0.00,0.00,0.00,0.00,0.00,0.00,0.00,0.00,0.00
299,0,59.600,0.03,0,0.00,0.00,0.00,0.00,0.00,0.00,0.00,0.00,0.00,0.00,0.00,0.00,0.00,0.00,0.00,0.00,0.00,0.00,0.00,0.00,0.00,0.00,0.00,0.00,0.00,0.00,0.00,0.00,0.00,0.00,0.00,0.00,0.00,0.00,0.00
300,0,59.800,0.03,0,0.00,0.00,0.00,0.00,0.00,0.00,0.00,0.00,0.00,0.00,0.00,0.00,0.00,0.00,0.00,0.00,0.00,0.00,0.00,0.00,0.00,0.00,0.00,0.00,0.00,0.00,0.00,0.00,0.00,0.00,0.00,0.00,0.00,0.00,0.00
301,0,60.000,0.03,0,0.00,0.00,0.00,0.00,0.00,0.00,0.00,0.00,0.00,0.00,0.00,0.00,0.00,0.00,0.00,0.00,0.00,0.00,0.00,0.00,0.00,0.00,0.00,0.00,0.00,0.00,0.00,0.00,0.00,0.00,0.00,0.00,0.00,0.00,0.00
302,0,60.200,0.03,0,0.00,0.00,0.00,0.00,0.00,0.00,0.00,0.00,0.00,0.00,0.00,0.00,0.00,0.00,0.00,0.00,0.00,0.00,0.00,0.00,0.00,0.00,0.00,0.00,0.00,0.00,0.00,0.00,0.00,0.00,0.00,0.00,0.00,0.00,0.00
303,0,60.400,0.03,0,0.00,0.00,0.00,0.00,0.00,0.00,0.00,0.00,0.00,0.00,0.00,0.00,0.00,0.00,0.00,0.00,0.00,0.00,0.00,0.00,0.00,0.00,0.00,0.00,0.00,0.00,0.00,0.00,0.00,0.00,0.00,0.00,0.00,0.00,0.00
304,0,60.600,0.03,0,0.00,0.00,0.00,0.00,0.00,0.00,0.00,0.00,0.00,0.00,0.00,0.00,0.00,0.00,0.00,0.00,0.00,0.00,0.00,0.00,0.00,0.00,0.00,0.00,0.00,0.00,0.00,0.00,0.00,0.00,0.00,0.00,0.00,0.00,0.00
305,0,60.800,0.03,0,0.00,0.00,0.00,0.00,0.00,0.00,0.00,0.00,0.00,0.00,0.00,0.00,0.00,0.00,0.00,0.00,0.00,0.00,0.00,0.00,0.00,0.00,0.00,0.00,0.00,0.00,0.00,0.00,0.00,0.00,0.00,0.00,0.00,0.00,0.00
306,0,61.000,0.03,0,0.00,0.00,0.00,0.00,0.00,0.00,0.00,0.00,0.00,0.00,0.00,0.00,0.00,0.00,0.00,0.00,0.00,0.00,0.00,0.00,0.00,0.00,0.00,0.00,0.00,0.00,0.00,0.00,0.00,0.00,0.00,0.00,0.00,0.00,0.00
307,0,61.200,0.03,0,0.00,0.00,0.00,0.00,0.00,0.00,0.00,0.00,0.00,0.00,0.00,0.00,0.00,0.00,0.00,0.00,0.00,0.00,0.00,0.00,0.00,0.00,0.00,0.00,0.00,0.00,0.00,0.00,0.00,0.00,0.00,0.00,0.00,0.00,0.00
308,0,61.400,0.03,0,0.00,0.00,0.00,0.00,0.00,0.00,0.00,0.00,0.00,0.00,0.00,0.00,0.00,0.00,0.00,0.00,0.00,0.00,0.00,0.00,0.00,0.00,0.00,0.00,0.00,0.00,0.00,0.00,0.00,0.00,0.00,0.00,0.00,0.00,0.00
309,0,61.600,0.03,0,0.00,0.00,0.00,0.00,0.00,0.00,0.00,0.00,0.00,0.00,0.00,0.00,0.00,0.00,0.00,0.00,0.00,0.00,0.00,0.00,0.00,0.00,0.00,0.00,0.00,0.00,0.00,0.00,0.00,0.00,0.00,0.00,0.00,0.00,0.00
310,0,61.800,0.03,0,0.00,0.00,0.00,0.00,0.00,0.00,0.00,0.00,0.00,0.00,0.00,0.00,0.00,0.00,0.00,0.00,0.00,0.00,0.00,0.00,0.00,0.00,0.00,0.00,0.00,0.00,0.00,0.00,0.00,0.00,0.00,0.00,0.00,0.00,0.00
311,0,62.000,0.03,0,0.00,0.00,0.00,0.00,0.00,0.00,0.00,0.00,0.00,0.00,0.00,0.00,0.00,0.00,0.00,0.00,0.00,0.00,0.00,0.00,0.00,0.00,0.00,0.00,0.00,0.00,0.00,0.00,0.00,0.00,0.00,0.00,0.00,0.00,0.00
312,0,62.200,0.03,0,0.00,0.00,0.00,0.00,0.00,0.00,0.00,0.00,0.00,0.00,0.00,0.00,0.00,0.00,0.00,0.00,0.00,0.00,0.00,0.00,0.00,0.00,0.00,0.00,0.00,0.00,0.00,0.00,0.00,0.00,0.00,0.00,0.00,0.00,0.00
313,0,62.400,0.03,0,0.00,0.00,0.00,0.00,0.00,0.00,0.00,0.00,0.00,0.00,0.00,0.00,0.00,0.00,0.00,0.00,0.00,0.00,0.00,0.00,0.00,0.00,0.00,0.00,0.00,0.00,0.00,0.00,0.00,0.00,0.00,0.00,0.00,0.00,0.00
314,0,62.600,0.03,0,0.00,0.00,0.00,0.00,0.00,0.00,0.00,0.00,0.00,0.00,0.00,0.00,0.00,0.00,0.00,0.00,0.00,0.00,0.00,0.00,0.00,0.00,0.00,0.00,0.00,0.00,0.00,0.00,0.00,0.00,0.00,0.00,0.00,0.00,0.00
315,0,62.800,0.03,0,0.00,0.00,0.00,0.00,0.00,0.00,0.00,0.00,0.00,0.00,0.00,0.00,0.00,0.00,0.00,0.00,0.00,0.00,0.00,0.00,0.00,0.00,0.00,0.00,0.00,0.00,0.00,0.00,0.00,0.00,0.00,0.00,0.00,0.00,0.00
316,0,63.000,0.03,0,0.00,0.00,0.00,0.00,0.00,0.00,0.00,0.00,0.00,0.00,0.00,0.00,0.00,0.00,0.00,0.00,0.00,0.00,0.00,0.00,0.00,0.00,0.00,0.00,0.00,0.00,0.00,0.00,0.00,0.00,0.00,0.00,0.00,0.00,0.00
317,0,63.200,0.03,0,0.00,0.00,0.00,0.00,0.00,0.00,0.00,0.00,0.00,0.00,0.00,0.00,0.00,0.00,0.00,0.00,0.00,0.00,0.00,0.00,0.00,0.00,0.00,0.00,0.00,0.00,0.00,0.00,0.00,0.00,0.00,0.00,0.00,0.00,0.00
318,0,63.400,0.03,0,0.00,0.00,0.00,0.00,0.00,0.00,0.00,0.00,0.00,0.00,0.00,0.00,0.00,0.00,0.00,0.00,0.00,0.00,0.00,0.00,0.00,0.00,0.00,0.00,0.00,0.00,0.00,0.00,0.00,0.00,0.00,0.00,0.00,0.00,0.00
319,0,63.600,0.03,0,0.00,0.00,0.00,0.00,0.00,0.00,0.00,0.00,0.00,0.00,0.00,0.00,0.00,0.00,0.00,0.00,0.00,0.00,0.00,0.00,0.00,0.00,0.00,0.00,0.00,0.00,0.00,0.00,0.00,0.00,0.00,0.00,0.00,0.00,0.00
320,0,63.800,0.03,0,0.00,0.00,0.00,0.00,0.00,0.00,0.00,0.00,0.00,0.00,0.00,0.00,0.00,0.00,0.00,0.00,0.00,0.00,0.00,0.00,0.00,0.00,0.00,0.00,0.00,0.00,0.00,0.00,0.00,0.00,0.00,0.00,0.00,0.00,0.00
321,0,64.000,0.03,0,0.00,0.00,0.00,0.00,0.00,0.00,0.00,0.00,0.00,0.00,0.00,0.00,0.00,0.00,0.00,0.00,0.00,0.00,0.00,0.00,0.00,0.00,0.00,0.00,0.00,0.00,0.00,0.00,0.00,0.00,0.00,0.00,0.00,0.00,0.00
322,0,64.200,0.03,0,0.00,0.00,0.00,0.00,0.00,0.00,0.00,0.00,0.00,0.00,0.00,0.00,0.00,0.00,0.00,0.00,0.00,0.00,0.00,0.00,0.00,0.00,0.00,0.00,0.00,0.00,0.00,0.00,0.00,0.00,0.00,0.00,0.00,0.00,0.00
323,0,64.400,0.03,0,0.00,0.00,0.00,0.00,0.00,0.00,0.00,0.00,0.00,0.00,0.00,0.00,0.00,0.00,0.00,0.00,0.00,0.00,0.00,0.00,0.00,0.00,0.00,0.00,0.00,0.00,0.00,0.00,0.00,0.00,0.00,0.00,0.00,0.00,0.00
324,0,64.600,0.03,0,0.00,0.00,0.00,0.00,0.00,0.00,0.00,0.00,0.00,0.00,0.00,0.00,0.00,0.00,0.00,0.00,0.00,0.00,0.00,0.00,0.00,0.00,0.00,0.00,0.00,0.00,0.00,0.00,0.00,0.00,0.00,0.00,0.00,0.00,0.00
325,0,64.800,0.03,0,0.00,0.00,0.00,0.00,0.00,0.00,0.00,0.00,0.00,0.00,0.00,0.00,0.00,0.00,0.00,0.00,0.00,0.00,0.00,0.00,0.00,0.00,0.00,0.00,0.00,0.00,0.00,0.00,0.00,0.00,0.00,0.00,0.00,0.00,0.00
326,0,65.000,0.03,0,0.00,0.00,0.00,0.00,0.00,0.00,0.00,0.00,0.00,0.00,0.00,0.00,0.00,0.00,0.00,0.00,0.00,0.00,0.00,0.00,0.00,0.00,0.00,0.00,0.00,0.00,0.00,0.00,0.00,0.00,0.00,0.00,0.00,0.00,0.00
327,0,65.200,0.03,0,0.00,0.00,0.00,0.00,0.00,0.00,0.00,0.00,0.00,0.00,0.00,0.00,0.00,0.00,0.00,0.00,0.00,0.00,0.00,0.00,0.00,0.00,0.00,0.00,0.00,0.00,0.00,0.00,0.00,0.00,0.00,0.00,0.00,0.00,0.00
328,0,65.400,0.03,0,0.00,0.00,0.00,0.00,0.00,0.00,0.00,0.00,0.00,0.00,0.00,0.00,0.00,0.00,0.00,0.00,0.00,0.00,0.00,0.00,0.00,0.00,0.00,0.00,0.00,0.00,0.00,0.00,0.00,0.00,0.00,0.00,0.00,0.00,0.00
329,0,65.600,0.03,0,0.00,0.00,0.00,0.00,0.00,0.00,0.00,0.00,0.00,0.00,0.00,0.00,0.00,0.00,0.00,0.00,0.00,0.00,0.00,0.00,0.00,0.00,0.00,0.00,0.00,0.00,0.00,0.00,0.00,0.00,0.00,0.00,0.00,0.00,0.00
330,0,65.800,0.03,0,0.00,0.00,0.00,0.00,0.00,0.00,0.00,0.00,0.00,0.00,0.00,0.00,0.00,0.00,0.00,0.00,0.00,0.00,0.00,0.00,0.00,0.00,0.00,0.00,0.00,0.00,0.00,0.00,0.00,0.00,0.00,0.00,0.00,0.00,0.00
331,0,66.000,0.03,0,0.00,0.00,0.00,0.00,0.00,0.00,0.00,0.00,0.00,0.00,0.00,0.00,0.00,0.00,0.00,0.00,0.00,0.00,0.00,0.00,0.00,0.00,0.00,0.00,0.00,0.00,0.00,0.00,0.00,0.00,0.00,0.00,0.00,0.00,0.00
332,0,66.200,0.03,0,0.00,0.00,0.00,0.00,0.00,0.00,0.00,0.00,0.00,0.00,0.00,0.00,0.00,0.00,0.00,0.00,0.00,0.00,0.00,0.00,0.00,0.00,0.00,0.00,0.00,0.00,0.00,0.00,0.00,0.00,0.00,0.00,0.00,0.00,0.00
333,0,66.400,0.03,0,0.00,0.00,0.00,0.00,0.00,0.00,0.00,0.00,0.00,0.00,0.00,0.00,0.00,0.00,0.00,0.00,0.00,0.00,0.00,0.00,0.00,0.00,0.00,0.00,0.00,0.00,0.00,0.00,0.00,0.00,0.00,0.00,0.00,0.00,0.00
334,0,66.600,0.03,0,0.00,0.00,0.00,0.00,0.00,0.00,0.00,0.00,0.00,0.00,0.00,0.00,0.00,0.00,0.00,0.00,0.00,0.00,0.00,0.00,0.00,0.00,0.00,0.00,0.00,0.00,0.00,0.00,0.00,0.00,0.00,0.00,0.00,0.00,0.00
335,0,66.800,0.03,0,0.00,0.00,0.00,0.00,0.00,0.00,0.00,0.00,0.00,0.00,0.00,0.00,0.00,0.00,0.00,0.00,0.00,0.00,0.00,0.00,0.00,0.00,0.00,0.00,0.00,0.00,0.00,0.00,0.00,0.00,0.00,0.00,0.00,0.00,0.00
336,0,67.000,0.03,0,0.00,0.00,0.00,0.00,0.00,0.00,0.00,0.00,0.00,0.00,0.00,0.00,0.00,0.00,0.00,0.00,0.00,0.00,0.00,0.00,0.00,0.00,0.00,0.00,0.00,0.00,0.00,0.00,0.00,0.00,0.00,0.00,0.00,0.00,0.00
337,0,67.200,0.03,0,0.00,0.00,0.00,0.00,0.00,0.00,0.00,0.00,0.00,0.00,0.00,0.00,0.00,0.00,0.00,0.00,0.00,0.00,0.00,0.00,0.00,0.00,0.00,0.00,0.00,0.00,0.00,0.00,0.00,0.00,0.00,0.00,0.00,0.00,0.00
338,0,67.400,0.03,0,0.00,0.00,0.00,0.00,0.00,0.00,0.00,0.00,0.00,0.00,0.00,0.00,0.00,0.00,0.00,0.00,0.00,0.00,0.00,0.00,0.00,0.00,0.00,0.00,0.00,0.00,0.00,0.00,0.00,0.00,0.00,0.00,0.00,0.00,0.00
339,0,67.600,0.03,0,0.00,0.00,0.00,0.00,0.00,0.00,0.00,0.00,0.00,0.00,0.00,0.00,0.00,0.00,0.00,0.00,0.00,0.00,0.00,0.00,0.00,0.00,0.00,0.00,0.00,0.00,0.00,0.00,0.00,0.00,0.00,0.00,0.00,0.00,0.00
340,0,67.800,0.03,0,0.00,0.00,0.55,0.00,0.00,0.00,0.20,0.00,0.40,0.25,0.00,0.00,0.36,1.03,0.00,0.10,0.00,0.00,0.00,0.00,0.00,0.00,0.00,0.00,0.00,0.00,0.00,0.00,0.00,0.00,0.00,0.00,0.00,0.00,0.00
341,0,68.000,0.88,1,0.43,0.10,0.55,0.00,0.00,0.00,0.20,0.04,0.43,0.26,0.22,0.40,0.62,1.03,0.28,0.32,0.00,1.00,0.00,0.00,0.00,0.00,0.00,0.00,0.00,0.00,0.00,0.00,0.00,0.00,0.00,0.00,0.00,0.00,0.00
342,0,68.200,0.98,1,0.75,0.24,0.55,0.00,0.00,0.00,0.20,0.08,0.46,0.26,0.24,0.79,0.62,1.03,0.56,0.54,0.00,1.00,1.00,0.00,0.00,0.00,0.00,0.00,0.00,0.00,0.00,0.00,0.00,0.00,0.00,0.00,0.00,0.00,0.00
343,0,68.400,0.98,1,1.23,0.44,0.08,0.00,0.00,0.00,0.00,0.26,0.07,0.12,0.31,1.36,0.27,0.00,0.83,0.86,0.00,1.00,1.00,0.00,0.00,0.00,0.00,0.00,0.00,0.00,0.00,0.00,0.00,0.00,0.00,0.00,0.00,0.00,0.00
344,0,68.600,0.98,1,1.13,0.50,0.28,0.00,0.06,0.00,0.00,0.47,0.14,0.21,0.09,1.56,0.06,0.00,0.78,1.24,0.00,1.00,1.00,0.00,0.00,0.00,0.00,0.00,0.00,0.00,0.00,0.00,0.00,0.00,0.00,0.00,1.00,0.00,0.00
345,0,68.800,0.98,1,0.99,0.36,0.28,0.00,0.06,0.00,0.00,0.65,0.20,0.28,0.07,1.77,0.06,0.00,0.53,1.32,0.00,1.00,1.00,0.00,0.00,0.00,0.00,0.00,0.00,0.00,0.00,0.00,0.00,0.00,0.00,0.00,1.00,0.00,0.00
346,0,69.000,0.98,1,0.71,0.18,0.21,0.00,0.06,0.00,0.00,0.61,0.22,0.18,0.00,1.76,0.06,0.00,0.48,1.23,0.00,1.00,1.00,0.00,0.00,0.00,0.00,0.00,0.00,0.00,0.00,0.00,0.00,0.00,0.00,0.00,1.00,0.00,0.00
347,0,69.200,0.98,1,0.60,0.01,0.01,0.00,0.00,0.00,0.00,0.57,0.20,0.09,0.00,1.65,0.00,0.01,0.40,0.86,0.00,1.00,1.00,0.00,0.00,0.00,0.00,0.00,0.00,0.00,0.00,0.00,1.00,0.00,0.00,0.00,1.00,0.00,0.00
348,0,69.400,0.98,1,0.63,0.01,0.01,0.00,0.00,0.00,0.00,0.52,0.17,0.06,0.00,1.59,0.00,0.01,0.61,0.84,0.00,1.00,1.00,0.00,0.00,0.00,0.00,0.00,0.00,0.00,0.00,0.00,1.00,0.00,0.00,0.00,1.00,0.00,0.00
349,0,69.600,0.98,1,0.57,0.00,0.00,0.00,0.00,0.00,0.00,0.54,0.18,0.22,0.00,1.72,0.00,0.03,0.60,0.80,0.00,0.00,1.00,0.00,0.00,0.00,0.00,0.00,0.00,0.00,0.00,0.00,1.00,0.00,0.00,0.00,1.00,0.00,0.00
350,0,69.800,0.98,1,0.47,0.00,0.03,0.00,0.00,0.00,0.00,0.47,0.19,0.24,0.08,1.84,0.00,0.06,0.77,0.80,0.00,0.00,1.00,0.00,0.00,0.00,0.00,0.00,0.00,0.00,0.00,0.00,1.00,0.00,0.00,0.00,1.00,0.00,0.00
351,0,70.000,0.98,1,0.33,0.00,0.03,0.00,0.00,0.00,0.00,0.48,0.24,0.30,0.09,1.98,0.00,0.12,0.80,0.77,0.00,0.00,1.00,0.00,0.00,0.00,0.00,0.00,0.00,0.00,0.00,0.00,1.00,0.00,0.00,0.00,1.00,0.00,0.00
352,0,70.200,0.98,1,0.23,0.00,0.07,0.00,0.00,0.00,0.00,0.57,0.27,0.25,0.09,1.78,0.00,0.10,0.86,0.93,0.00,0.00,1.00,0.00,0.00,0.00,0.00,0.00,0.00,0.00,0.00,0.00,1.00,0.00,0.00,0.00,1.00,0.00,0.00
353,0,70.400,0.98,1,0.12,0.00,0.10,0.00,0.00,0.00,0.00,0.67,0.27,0.31,0.01,1.68,0.00,0.07,0.85,1.20,0.00,0.00,0.00,0.00,0.00,0.00,0.00,0.00,0.00,0.00,0.00,0.00,1.00,0.00,0.00,0.00,1.00,0.00,0.00
354,0,70.600,0.98,1,0.04,0.00,0.19,0.00,0.03,0.00,0.00,0.72,0.33,0.44,0.00,1.52,0.00,0.00,0.77,1.37,0.00,0.00,0.00,0.00,0.00,0.00,0.00,0.00,0.00,0.00,0.00,0.00,1.00,0.00,0.00,0.00,1.00,0.00,0.00
355,0,70.800,0.98,1,0.11,0.00,0.30,0.00,0.03,0.00,0.00,0.70,0.38,0.55,0.00,1.59,0.00,0.00,0.80,1.39,0.00,0.00,0.00,0.00,0.00,0.00,0.00,0.00,0.00,0.00,0.00,0.00,1.00,0.00,0.00,0.00,0.00,0.00,0.00
356,0,71.000,0.98,1,0.14,0.00,0.34,0.00,0.05,0.00,0.00,0.72,0.42,0.62,0.00,1.56,0.00,0.00,0.66,1.28,0.00,0.00,0.00,0.00,0.00,0.00,0.00,0.00,0.00,0.00,0.00,0.00,1.00,0.00,0.00,0.00,0.00,0.00,0.00
357,0,71.200,0.98,1,0.14,0.00,0.29,0.00,0.02,0.00,0.00,0.75,0.36,0.49,0.00,1.62,0.00,0.00,0.62,1.16,0.00,0.00,0.00,0.00,0.00,0.00,0.00,0.00,0.00,0.00,0.00,0.00,1.00,0.00,0.00,0.00,0.00,0.00,0.00
358,0,71.400,0.98,1,0.03,0.00,0.24,0.00,0.01,0.00,0.00,0.70,0.30,0.31,0.00,1.58,0.00,0.00,0.51,1.08,0.00,0.00,0.00,0.00,0.00,0.00,0.00,0.00,0.00,0.00,0.00,0.00,1.00,0.00,0.00,0.00,0.00,0.00,0.00
359,0,71.600,0.98,1,0.03,0.00,0.17,0.00,0.00,0.00,0.00,0.62,0.25,0.21,0.00,1.68,0.00,0.00,0.48,1.04,0.00,0.00,0.00,0.00,0.00,0.00,0.00,0.00,0.00,0.00,0.00,0.00,1.00,0.00,0.00,0.00,1.00,0.00,0.00
360,0,71.800,0.98,1,0.03,0.00,0.16,0.00,0.00,0.00,0.00,0.56,0.22,0.20,0.00,1.72,0.00,0.00,0.63,1.17,0.00,0.00,0.00,0.00,0.00,0.00,0.00,0.00,0.00,0.00,0.00,0.00,1.00,0.00,0.00,0.00,1.00,0.00,0.00
361,0,72.000,0.98,1,0.09,0.00,0.15,0.00,0.00,0.00,0.00,0.55,0.20,0.29,0.00,1.91,0.00,0.08,0.65,1.21,0.00,0.00,0.00,0.00,0.00,0.00,0.00,0.00,0.00,0.00,0.00,0.00,1.00,0.00,0.00,0.00,1.00,0.00,0.00
362,0,72.200,0.98,1,0.06,0.00,0.11,0.00,0.00,0.00,0.00,0.63,0.19,0.38,0.00,1.90,0.00,0.10,0.81,1.30,0.00,0.00,0.00,0.00,0.00,0.00,0.00,0.00,0.00,0.00,0.00,0.00,1.00,0.00,0.00,0.00,1.00,0.00,0.00
363,0,72.400,0.98,1,0.06,0.00,0.17,0.00,0.00,0.00,0.00,0.65,0.23,0.40,0.00,1.90,0.00,0.12,0.73,1.37,0.00,0.00,0.00,0.00,0.00,0.00,0.00,0.00,0.00,0.00,0.00,0.00,1.00,0.00,0.00,0.00,1.00,0.00,0.00
364,0,72.600,0.98,1,0.05,0.00,0.20,0.00,0.00,0.00,0.00,0.64,0.28,0.43,0.00,1.88,0.00,0.04,0.74,1.44,0.00,0.00,0.00,0.00,0.00,0.00,0.00,0.00,0.00,0.00,0.00,0.00,1.00,0.00,0.00,0.00,1.00,0.00,0.00
365,0,72.800,0.98,1,0.07,0.00,0.35,0.00,0.00,0.00,0.00,0.51,0.33,0.34,0.03,1.90,0.00,0.01,0.78,1.42,0.00,0.00,0.00,0.00,0.00,0.00,0.00,0.00,0.00,0.00,0.00,0.00,1.00,0.00,0.00,0.00,1.00,0.00,0.00
366,0,73.000,0.98,1,0.09,0.00,0.36,0.00,0.00,0.00,0.00,0.46,0.32,0.37,0.03,1.87,0.01,0.00,0.84,1.38,0.00,0.00,0.00,0.00,0.00,0.00,0.00,0.00,0.00,0.00,0.00,0.00,1.00,0.00,0.00,0.00,1.00,0.00,0.00
367,0,73.200,0.98,1,0.11,0.00,0.38,0.00,0.00,0.00,0.00,0.43,0.31,0.28,0.03,1.77,0.01,0.00,0.91,1.35,0.00,0.00,0.00,0.00,0.00,0.00,0.00,0.00,0.00,0.00,0.00,0.00,1.00,0.00,0.00,0.00,1.00,0.00,0.00
368,0,73.400,0.98,1,0.21,0.00,0.37,0.00,0.00,0.00,0.00,0.43,0.25,0.19,0.00,1.64,0.01,0.00,0.90,1.34,0.00,0.00,0.00,0.00,0.00,0.00,0.00,0.00,0.00,0.00,0.00,0.00,1.00,0.00,0.00,0.00,1.00,0.00,0.00
369,0,73.600,0.98,1,0.27,0.00,0.43,0.00,0.00,0.00,0.00,0.43,0.25,0.20,0.02,1.67,0.00,0.00,0.85,1.39,0.00,0.00,0.00,0.00,0.00,0.00,0.00,0.00,0.00,0.00,0.00,0.00,1.00,0.00,0.00,0.00,1.00,0.00,0.00
370,0,73.800,0.98,1,0.27,0.00,0.45,0.00,0.00,0.00,0.00,0.46,0.25,0.20,0.02,1.60,0.00,0.00,0.84,1.49,0.00,0.00,0.00,0.00,0.00,0.00,0.00,0.00,0.00,0.00,0.00,0.00,1.00,0.00,0.00,0.00,1.00,0.00,0.00
371,0,74.000,0.98,1,0.21,0.00,0.45,0.00,0.00,0.00,0.00,0.52,0.27,0.27,0.02,1.64,0.00,0.00,0.74,1.47,0.00,0.00,0.00,0.00,0.00,0.00,0.00,0.00,0.00,0.00,0.00,0.00,1.00,0.00,0.00,0.00,1.00,0.00,0.00
372,0,74.200,0.98,1,0.21,0.00,0.41,0.00,0.00,0.00,0.00,0.57,0.28,0.17,0.00,1.48,0.00,0.00,0.78,1.44,0.00,0.00,0.00,0.00,0.00,0.00,0.00,0.00,0.00,0.00,0.00,0.00,1.00,0.00,0.00,0.00,1.00,0.00,0.00
373,0,74.400,0.98,1,0.17,0.00,0.39,0.00,0.00,0.00,0.00,0.61,0.25,0.14,0.00,1.52,0.00,0.00,0.69,1.37,0.00,0.00,0.00,0.00,0.00,0.00,0.00,0.00,0.00,0.00,0.00,0.00,1.00,0.00,0.00,0.00,1.00,0.00,0.00
374,0,74.600,0.98,1,0.21,0.00,0.36,0.00,0.00,0.00,0.00,0.64,0.23,0.11,0.00,1.55,0.00,0.00,0.63,1.44,0.00,0.00,0.00,0.00,0.00,0.00,0.00,0.00,0.00,0.00,0.00,0.00,1.00,0.00,0.00,0.00,1.00,0.00,0.00
375,0,74.800,0.98,1,0.23,0.00,0.52,0.00,0.03,0.00,0.00,0.63,0.20,0.19,0.06,1.69,0.00,0.00,0.62,1.50,0.35,0.00,0.00,0.00,0.00,0.00,0.00,0.00,0.00,0.00,0.00,0.00,1.00,0.00,0.00,0.00,1.00,0.00,0.00
376,0,75.000,0.98,1,0.24,0.00,0.72,0.00,0.07,0.00,0.00,0.68,0.19,0.21,0.06,1.70,0.00,0.00,0.62,1.50,0.35,0.00,0.00,1.00,0.00,0.00,0.00,0.00,0.00,0.00,0.00,0.00,1.00,0.00,0.00,0.00,1.00,0.00,0.00
377,0,75.200,0.98,1,0.25,0.00,0.81,0.00,0.07,0.00,0.00,0.68,0.22,0.31,0.06,1.72,0.02,0.00,0.67,1.54,0.35,0.00,0.00,1.00,0.00,0.00,0.00,0.00,0.00,0.00,0.00,0.00,1.00,0.00,0.00,0.00,1.00,0.00,0.00
378,0,75.400,0.98,1,0.19,0.00,0.74,0.00,0.04,0.00,0.00,0.65,0.21,0.36,0.00,1.75,0.02,0.00,0.61,1.55,0.00,0.00,0.00,1.00,0.00,0.00,0.00,0.00,0.00,0.00,0.00,0.00,1.00,0.00,0.00,0.00,1.00,0.00,0.00
379,0,75.600,0.98,1,0.20,0.00,0.56,0.00,0.00,0.00,0.00,0.55,0.21,0.33,0.00,1.75,0.05,0.00,0.74,1.49,0.00,0.00,0.00,1.00,0.00,0.00,0.00,0.00,0.00,0.00,0.00,0.00,1.00,0.00,0.00,0.00,1.00,0.00,0.00
380,0,75.800,0.98,1,0.14,0.00,0.47,0.00,0.00,0.00,0.00,0.57,0.20,0.21,0.00,1.71,0.03,0.00,0.78,1.48,0.00,0.00,0.00,1.00,0.00,0.00,0.00,0.00,0.00,0.00,0.00,0.00,1.00,0.00,0.00,0.00,1.00,0.00,0.00
381,0,76.000,0.98,1,0.19,0.00,0.32,0.00,0.00,0.00,0.00,0.54,0.23,0.12,0.00,1.65,0.03,0.00,0.74,1.34,0.00,0.00,0.00,0.00,0.00,0.00,0.00,0.00,0.00,0.00,0.00,0.00,1.00,0.00,0.00,0.00,1.00,0.00,0.00
382,0,76.200,0.98,1,0.15,0.00,0.19,0.00,0.00,0.00,0.00,0.53,0.26,0.09,0.00,1.67,0.00,0.00,0.67,1.37,0.00,0.00,0.00,0.00,0.00,0.00,0.00,0.00,0.00,0.00,0.00,0.00,1.00,0.00,0.00,0.00,1.00,0.00,0.00
383,0,76.400,0.98,1,0.13,0.00,0.16,0.00,0.00,0.00,0.00,0.43,0.23,0.07,0.00,1.75,0.00,0.00,0.65,1.25,0.00,0.00,0.00,0.00,0.00,0.00,0.00,0.00,0.00,0.00,0.00,0.00,1.00,0.00,0.00,0.00,1.00,0.00,0.00
384,0,76.600,0.98,1,0.17,0.00,0.21,0.00,0.00,0.00,0.00,0.35,0.23,0.08,0.00,1.64,0.04,0.00,0.76,1.21,0.00,0.00,0.00,0.00,0.00,0.00,0.00,0.00,0.00,0.00,0.00,0.00,1.00,0.00,0.00,0.00,1.00,0.00,0.00
385,0,76.800,0.98,1,0.25,0.00,0.32,0.00,0.00,0.00,0.00,0.33,0.17,0.07,0.00,1.56,0.04,0.00,0.83,1.10,0.00,0.00,0.00,0.00,0.00,0.00,0.00,0.00,0.00,0.00,0.00,0.00,1.00,0.00,0.00,0.00,1.00,0.00,0.00
386,0,77.000,0.98,1,0.29,0.00,0.43,0.00,0.00,0.00,0.00,0.36,0.17,0.20,0.00,1.46,0.03,0.00,0.90,1.17,0.00,0.00,0.00,0.00,0.00,0.00,0.00,0.00,0.00,0.00,0.00,0.00,1.00,0.00,0.00,0.00,1.00,0.00,0.00
387,0,77.200,0.98,1,0.18,0.00,0.46,0.00,0.00,0.00,0.00,0.40,0.17,0.16,0.00,1.52,0.00,0.00,0.84,1.23,0.00,0.00,0.00,0.00,0.00,0.00,0.00,0.00,0.00,0.00,0.00,0.00,1.00,0.00,0.00,0.00,1.00,0.00,0.00
388,0,77.400,0.98,1,0.09,0.00,0.47,0.00,0.00,0.00,0.00,0.44,0.21,0.23,0.00,1.58,0.00,0.00,0.84,1.22,0.00,0.00,0.00,1.00,0.00,0.00,0.00,0.00,0.00,0.00,0.00,0.00,1.00,0.00,0.00,0.00,0.00,0.00,0.00
389,0,77.600,0.98,1,0.12,0.00,0.42,0.00,0.00,0.00,0.00,0.44,0.21,0.20,0.00,1.65,0.05,0.00,0.85,1.11,0.00,0.00,0.00,0.00,0.00,0.00,0.00,0.00,0.00,0.00,0.00,0.00,1.00,0.00,0.00,0.00,0.00,0.00,0.00
390,0,77.800,0.98,1,0.26,0.00,0.36,0.00,0.00,0.00,0.00,0.49,0.13,0.30,0.00,1.63,0.08,0.00,0.99,1.05,0.00,0.00,0.00,0.00,0.00,0.00,0.00,0.00,0.00,0.00,0.00,0.00,1.00,0.00,0.00,0.00,0.00,0.00,0.00
391,0,78.000,0.98,1,0.36,0.00,0.31,0.00,0.00,0.00,0.00,0.43,0.14,0.31,0.00,1.63,0.08,0.00,0.99,1.16,0.00,0.00,0.00,0.00,0.00,0.00,0.00,0.00,0.00,0.00,0.00,0.00,1.00,0.00,0.00,0.00,0.00,0.00,0.00
392,0,78.200,0.98,1,0.31,0.00,0.26,0.00,0.00,0.00,0.00,0.40,0.17,0.29,0.00,1.62,0.03,0.00,0.94,1.20,0.00,0.00,0.00,0.00,0.00,0.00,0.00,0.00,0.00,0.00,0.00,0.00,1.00,0.00,0.00,0.00,1.00,0.00,0.00
393,0,78.400,0.98,1,0.23,0.00,0.26,0.00,0.00,0.00,0.00,0.34,0.22,0.28,0.00,1.67,0.00,0.00,0.80,1.23,0.00,0.00,0.00,0.00,0.00,0.00,0.00,0.00,0.00,0.00,0.00,0.00,1.00,0.00,0.00,0.00,1.00,0.00,0.00
394,0,78.600,0.98,1,0.20,0.00,0.24,0.00,0.00,0.00,0.00,0.35,0.22,0.35,0.00,1.60,0.00,0.00,0.81,1.14,0.00,0.00,0.00,0.00,0.00,0.00,0.00,0.00,0.00,0.00,0.00,0.00,1.00,0.00,0.00,0.00,1.00,0.00,0.00
395,0,78.800,0.98,1,0.22,0.00,0.27,0.00,0.00,0.00,0.00,0.34,0.21,0.32,0.00,1.53,0.00,0.00,0.81,1.13,0.00,0.00,0.00,0.00,0.00,0.00,0.00,0.00,0.00,0.00,0.00,0.00,1.00,0.00,0.00,0.00,1.00,0.00,0.00
396,0,79.000,0.98,1,0.23,0.01,0.33,0.00,0.00,0.00,0.00,0.36,0.23,0.31,0.00,1.46,0.00,0.00,0.82,1.08,0.00,0.00,0.00,0.00,0.00,0.00,0.00,0.00,0.00,0.00,0.00,0.00,1.00,0.00,0.00,0.00,1.00,0.00,0.00
397,0,79.200,0.98,1,0.23,0.01,0.36,0.00,0.00,0.00,0.00,0.35,0.26,0.33,0.02,1.39,0.00,0.00,0.80,1.14,0.00,0.00,0.00,0.00,0.00,0.00,0.00,0.00,0.00,0.00,0.00,0.00,1.00,0.00,0.00,0.00,1.00,0.00,0.00
398,0,79.400,0.98,1,0.17,0.01,0.35,0.00,0.00,0.00,0.00,0.45,0.24,0.42,0.02,1.37,0.00,0.00,0.68,1.15,0.00,0.00,0.00,0.00,0.00,0.00,0.00,0.00,0.00,0.00,0.00,0.00,1.00,0.00,0.00,0.00,0.00,0.00,0.00
399,0,79.600,0.98,1,0.19,0.00,0.31,0.00,0.00,0.00,0.00,0.57,0.22,0.44,0.02,1.35,0.00,0.00,0.70,1.11,0.00,0.00,0.00,0.00,0.00,0.00,0.00,0.00,0.00,0.00,0.00,0.00,0.00,0.00,0.00,0.00,0.00,0.00,0.00
400,0,79.800,0.98,1,0.21,0.00,0.33,0.00,0.00,0.00,0.00,0.65,0.24,0.34,0.00,1.33,0.00,0.00,0.58,1.04,0.00,0.00,0.00,0.00,0.00,0.00,0.00,0.00,0.00,0.00,0.00,0.00,0.00,0.00,0.00,0.00,0.00,0.00,0.00
401,0,80.000,0.98,1,0.29,0.00,0.31,0.00,0.00,0.00,0.00,0.57,0.23,0.25,0.00,1.34,0.00,0.00,0.59,0.89,0.00,0.00,0.00,0.00,0.00,0.00,0.00,0.00,0.00,0.00,0.00,0.00,0.00,0.00,0.00,0.00,0.00,0.00,0.00
402,0,80.200,0.98,1,0.37,0.00,0.32,0.00,0.00,0.00,0.00,0.55,0.20,0.27,0.00,1.49,0.03,0.01,0.52,0.99,0.00,0.00,0.00,0.00,0.00,0.00,0.00,0.00,0.00,0.00,0.00,0.00,0.00,0.00,0.00,0.00,0.00,0.00,0.00
403,0,80.400,0.98,1,0.36,0.00,0.28,0.00,0.00,0.00,0.00,0.47,0.09,0.24,0.00,1.54,0.03,0.02,0.66,1.05,0.00,0.00,0.00,0.00,0.00,0.00,0.00,0.00,0.00,0.00,0.00,0.00,1.00,0.00,0.00,0.00,1.00,0.00,0.00
404,0,80.600,0.98,1,0.37,0.00,0.21,0.00,0.00,0.00,0.00,0.42,0.05,0.18,0.00,1.63,0.03,0.13,0.72,1.09,0.00,0.00,0.00,0.00,0.00,0.00,0.00,0.00,0.00,0.00,0.00,0.00,1.00,0.00,0.00,0.00,1.00,0.00,0.00
405,0,80.800,0.98,1,0.24,0.00,0.14,0.00,0.00,0.00,0.00,0.40,0.02,0.03,0.00,1.57,0.00,0.21,0.80,1.00,0.00,0.00,0.00,0.00,0.00,0.00,0.00,0.00,0.00,0.00,0.00,0.00,1.00,0.00,0.00,0.00,1.00,0.00,0.00
406,0,81.000,0.98,1,0.23,0.00,0.08,0.00,0.00,0.00,0.00,0.48,0.06,0.00,0.00,1.68,0.00,0.28,0.83,0.82,0.00,0.00,0.00,0.00,0.00,0.00,0.00,0.00,0.00,0.00,0.00,0.00,1.00,0.00,0.00,0.00,1.00,0.00,0.00
407,0,81.200,0.98,1,0.21,0.00,0.06,0.00,0.00,0.00,0.00,0.56,0.10,0.00,0.00,1.69,0.00,0.23,0.90,0.77,0.00,0.00,0.00,0.00,0.00,0.00,0.00,0.00,0.00,0.00,0.00,0.00,1.00,0.00,0.00,0.00,1.00,0.00,0.00
408,0,81.400,0.98,1,0.27,0.00,0.06,0.00,0.00,0.00,0.00,0.56,0.14,0.09,0.00,1.64,0.00,0.15,0.97,0.86,0.00,0.00,0.00,0.00,0.00,0.00,0.00,0.00,0.00,0.00,0.00,0.00,1.00,0.00,0.00,0.00,1.00,0.00,0.00
409,0,81.600,0.98,1,0.35,0.00,0.11,0.00,0.00,0.00,0.00,0.50,0.14,0.09,0.00,1.54,0.00,0.10,0.98,1.03,0.00,0.00,0.00,0.00,0.00,0.00,0.00,0.00,0.00,0.00,0.00,0.00,1.00,0.00,0.00,0.00,1.00,0.00,0.00
410,0,81.800,0.98,1,0.43,0.00,0.14,0.00,0.00,0.00,0.00,0.47,0.09,0.16,0.00,1.44,0.00,0.05,0.93,1.11,0.00,0.00,0.00,0.00,0.00,0.00,0.00,0.00,0.00,0.00,0.00,0.00,1.00,0.00,0.00,0.00,1.00,0.00,0.00
411,0,82.000,0.98,1,0.37,0.00,0.11,0.00,0.00,0.00,0.00,0.44,0.08,0.07,0.00,1.42,0.00,0.03,0.91,1.08,0.00,0.00,0.00,0.00,0.00,0.00,0.00,0.00,0.00,0.00,0.00,0.00,0.00,0.00,0.00,0.00,1.00,0.00,0.00
412,0,82.200,0.98,1,0.26,0.00,0.09,0.00,0.00,0.00,0.00,0.53,0.12,0.07,0.00,1.32,0.00,0.00,0.77,0.95,0.00,0.00,0.00,0.00,0.00,0.00,0.00,0.00,0.00,0.00,0.00,0.00,0.00,0.00,0.00,0.00,1.00,0.00,0.00
413,0,82.400,0.98,1,0.23,0.00,0.11,0.00,0.00,0.00,0.00,0.53,0.16,0.00,0.00,1.28,0.00,0.00,0.80,0.92,0.00,0.00,0.00,0.00,0.00,0.00,0.00,0.00,0.00,0.00,0.00,0.00,0.00,0.00,0.00,0.00,1.00,0.00,0.00
414,0,82.600,0.98,1,0.27,0.00,0.17,0.00,0.00,0.00,0.00,0.49,0.13,0.00,0.05,1.32,0.00,0.03,0.68,0.88,0.00,0.00,0.00,0.00,0.00,0.00,0.00,0.00,0.00,0.00,0.00,0.00,0.00,0.00,0.00,0.00,1.00,0.00,0.00
415,0,82.800,0.98,1,0.28,0.00,0.11,0.00,0.00,0.00,0.00,0.38,0.07,0.00,0.05,1.55,0.00,0.07,0.65,0.91,0.00,0.00,0.00,0.00,0.00,0.00,0.00,0.00,0.00,0.00,0.00,0.00,1.00,0.00,0.00,0.00,1.00,0.00,0.00
416,0,83.000,0.98,1,0.28,0.00,0.07,0.00,0.00,0.00,0.00,0.40,0.03,0.00,0.05,1.59,0.04,0.13,0.59,0.94,0.00,0.00,0.00,0.00,0.00,0.00,0.00,0.00,0.00,0.00,0.00,0.00,1.00,0.00,0.00,0.00,1.00,0.00,0.00
417,0,83.200,0.98,1,0.22,0.00,0.06,0.00,0.00,0.00,0.00,0.42,0.05,0.00,0.00,1.59,0.04,0.17,0.47,0.89,0.00,0.00,0.00,0.00,0.00,0.00,0.00,0.00,0.00,0.00,0.00,0.00,1.00,0.00,0.00,0.00,1.00,0.00,0.00
418,0,83.400,0.98,1,0.27,0.00,0.16,0.00,0.00,0.00,0.00,0.51,0.10,0.09,0.00,1.55,0.04,0.15,0.48,0.82,0.00,0.00,0.00,0.00,0.00,0.00,0.00,0.00,0.00,0.00,0.00,0.00,1.00,0.00,0.00,0.00,1.00,0.00,0.00
419,0,83.600,0.98,1,0.20,0.00,0.23,0.00,0.00,0.00,0.00,0.55,0.15,0.22,0.00,1.57,0.00,0.10,0.45,0.73,0.00,0.00,0.00,0.00,0.00,0.00,0.00,0.00,0.00,0.00,0.00,0.00,1.00,0.00,0.00,0.00,1.00,0.00,0.00
420,0,83.800,0.98,1,0.20,0.00,0.27,0.00,0.00,0.00,0.00,0.65,0.14,0.27,0.00,1.61,0.00,0.04,0.58,0.71,0.00,0.00,0.00,0.00,0.00,0.00,0.00,0.00,0.00,0.00,0.00,0.00,1.00,0.00,0.00,0.00,1.00,0.00,0.00
421,0,84.000,0.98,1,0.22,0.00,0.22,0.00,0.00,0.00,0.00,0.59,0.11,0.18,0.00,1.57,0.00,0.03,0.62,0.69,0.00,0.00,0.00,0.00,0.00,0.00,0.00,0.00,0.00,0.00,0.00,0.00,1.00,0.00,0.00,0.00,1.00,0.00,0.00
422,0,84.200,0.98,1,0.24,0.00,0.17,0.00,0.00,0.00,0.00,0.58,0.08,0.06,0.00,1.53,0.00,0.02,0.69,0.74,0.00,0.00,0.00,0.00,0.00,0.00,0.00,0.00,0.00,0.00,0.00,0.00,1.00,0.00,0.00,0.00,1.00,0.00,0.00
423,0,84.400,0.98,1,0.19,0.00,0.09,0.00,0.00,0.00,0.00,0.47,0.10,0.01,0.00,1.51,0.00,0.06,0.65,0.66,0.00,0.00,0.00,0.00,0.00,0.00,0.00,0.00,0.00,0.00,0.00,0.00,1.00,0.00,0.00,0.00,1.00,0.00,0.00
424,0,84.600,0.98,1,0.14,0.00,0.04,0.00,0.00,0.00,0.00,0.46,0.09,0.03,0.00,1.53,0.00,0.12,0.68,0.61,0.00,0.00,0.00,0.00,0.00,0.00,0.00,0.00,0.00,0.00,0.00,0.00,1.00,0.00,0.00,0.00,1.00,0.00,0.00
425,0,84.800,0.98,1,0.18,0.00,0.02,0.00,0.00,0.00,0.00,0.44,0.07,0.09,0.00,1.61,0.00,0.20,0.71,0.55,0.00,0.00,0.00,0.00,0.00,0.00,0.00,0.00,0.00,0.00,0.00,0.00,1.00,0.00,0.00,0.00,1.00,0.00,0.00
426,0,85.000,0.98,1,0.33,0.00,0.00,0.00,0.00,0.00,0.00,0.41,0.02,0.09,0.00,1.66,0.00,0.29,0.69,0.52,0.00,0.00,0.00,0.00,0.00,0.00,0.00,0.00,0.00,0.00,0.00,0.00,1.00,0.00,0.00,0.00,1.00,0.00,0.00
427,0,85.200,0.98,1,0.48,0.00,0.00,0.00,0.00,0.00,0.00,0.48,0.02,0.07,0.00,1.74,0.00,0.33,0.64,0.49,0.00,0.00,0.00,0.00,0.00,0.00,0.00,0.00,0.00,0.00,0.00,0.00,1.00,0.00,0.00,0.00,1.00,0.00,0.00
428,0,85.400,0.98,1,0.81,0.35,0.00,0.00,0.00,0.00,0.00,0.34,0.02,0.46,0.00,1.50,0.00,0.25,0.42,0.27,0.55,0.00,0.00,0.00,0.00,0.00,0.00,0.00,0.00,0.00,0.00,0.00,1.00,0.00,0.00,0.00,1.00,0.00,0.00
429,0,85.600,0.98,1,0.65,0.92,0.07,0.00,0.00,0.00,0.00,0.42,0.53,0.46,0.61,1.22,0.00,0.27,0.27,0.11,0.68,0.00,0.00,0.00,0.00,0.00,0.00,0.00,0.00,0.00,0.00,0.00,0.00,0.00,0.00,0.00,0.00,0.00,0.00
430,0,85.800,0.03,0,0.44,0.92,0.07,0.00,0.00,0.00,0.00,0.20,0.52,0.46,0.61,0.62,0.00,0.14,0.06,0.00,0.68,0.00,0.00,0.00,0.00,0.00,0.00,0.00,0.00,0.00,0.00,0.00,0.00,0.00,0.00,0.00,0.00,0.00,0.00
431,0,86.000,0.03,0,0.00,0.57,0.07,0.00,0.00,0.00,0.00,0.18,0.52,0.00,0.61,0.31,0.00,0.14,0.00,0.00,0.12,0.00,0.00,0.00,0.00,0.00,0.00,0.00,0.00,0.00,0.00,0.00,0.00,0.00,0.00,0.00,0.00,0.00,0.00
432,0,86.200,0.03,0,0.00,0.00,0.00,0.00,0.00,0.00,0.00,0.00,0.00,0.00,0.00,0.00,0.00,0.00,0.00,0.00,0.00,0.00,0.00,0.00,0.00,0.00,0.00,0.00,0.00,0.00,0.00,0.00,0.00,0.00,0.00,0.00,0.00,0.00,0.00
433,0,86.400,0.03,0,0.00,0.00,0.00,0.00,0.00,0.00,0.00,0.00,0.00,0.00,0.00,0.00,0.00,0.00,0.00,0.00,0.00,0.00,0.00,0.00,0.00,0.00,0.00,0.00,0.00,0.00,0.00,0.00,0.00,0.00,0.00,0.00,0.00,0.00,0.00
434,0,86.600,0.03,0,0.00,0.00,0.00,0.00,0.00,0.00,0.00,0.00,0.00,0.00,0.00,0.00,0.00,0.00,0.00,0.00,0.00,0.00,0.00,0.00,0.00,0.00,0.00,0.00,0.00,0.00,0.00,0.00,0.00,0.00,0.00,0.00,0.00,0.00,0.00
435,0,86.800,0.03,0,0.00,0.00,0.00,0.00,0.00,0.00,0.00,0.00,0.00,0.00,0.00,0.00,0.00,0.00,0.00,0.00,0.00,0.00,0.00,0.00,0.00,0.00,0.00,0.00,0.00,0.00,0.00,0.00,0.00,0.00,0.00,0.00,0.00,0.00,0.00
436,0,87.000,0.03,0,0.00,0.00,0.00,0.00,0.00,0.00,0.00,0.00,0.00,0.00,0.00,0.00,0.00,0.00,0.00,0.00,0.00,0.00,0.00,0.00,0.00,0.00,0.00,0.00,0.00,0.00,0.00,0.00,0.00,0.00,0.00,0.00,0.00,0.00,0.00
437,0,87.200,0.22,0,0.00,0.00,0.17,0.42,0.00,0.22,0.18,0.15,0.04,0.00,0.00,0.00,0.00,0.00,0.00,0.09,0.00,0.00,0.00,0.00,0.00,0.00,0.00,0.00,0.00,0.00,0.00,0.00,0.00,0.00,0.00,0.00,0.00,0.00,0.00
438,0,87.400,0.88,1,0.00,0.00,0.17,0.80,0.00,0.61,0.19,0.34,0.04,0.00,0.00,0.00,0.00,0.00,0.00,0.09,0.00,1.00,0.00,0.00,0.00,0.00,0.00,0.00,0.00,0.00,0.00,0.00,0.00,0.00,0.00,0.00,0.00,0.00,0.00
439,0,87.600,0.88,1,0.00,0.00,0.17,1.11,0.00,0.77,0.25,0.65,0.09,0.09,0.00,0.00,0.00,0.00,0.00,0.09,0.00,1.00,1.00,1.00,1.00,0.00,0.00,0.00,0.00,0.00,0.00,0.00,0.00,0.00,0.00,0.00,0.00,0.00,0.00
440,0,87.800,0.88,1,0.00,0.00,0.00,0.79,0.00,0.86,0.09,0.91,0.26,0.14,0.00,0.00,0.00,0.00,0.00,0.00,0.00,1.00,1.00,1.00,1.00,0.00,0.00,0.00,0.00,0.00,0.00,0.00,0.00,0.00,0.00,0.00,0.00,0.00,0.00
441,0,88.000,0.88,1,0.00,0.00,0.00,0.57,0.00,0.92,0.09,1.17,0.44,0.33,0.00,0.00,0.00,0.07,0.00,0.09,0.00,1.00,1.00,1.00,1.00,0.00,0.00,0.00,0.00,0.00,0.00,0.00,0.00,0.00,0.00,0.00,0.00,0.00,0.00
442,0,88.200,0.88,1,0.00,0.00,0.00,0.26,0.23,1.41,0.77,1.47,0.59,0.24,0.00,0.00,0.00,0.31,0.00,0.09,0.00,1.00,1.00,1.00,1.00,0.00,0.00,0.00,0.00,0.00,0.00,0.00,0.00,0.00,0.00,0.00,0.00,0.00,0.00
443,0,88.400,0.88,1,0.00,0.00,0.00,0.16,0.56,1.11,0.89,1.06,0.37,0.19,1.67,1.08,0.67,1.27,0.00,1.15,0.00,1.00,0.00,0.00,0.00,0.00,0.00,0.00,0.00,0.00,0.00,0.00,0.00,0.00,0.00,0.00,0.00,0.00,0.00
444,0,88.600,0.03,0,0.00,0.00,0.00,0.00,0.56,0.65,0.89,0.60,0.18,0.00,1.67,1.08,0.67,1.20,0.00,1.06,0.00,0.00,0.00,0.00,0.00,0.00,0.00,0.00,0.00,0.00,0.00,0.00,0.00,0.00,0.00,0.00,0.00,0.00,0.00
445,0,88.800,0.03,0,0.00,0.00,0.00,0.00,0.33,0.00,0.14,0.00,0.00,0.00,1.67,1.08,0.67,0.96,0.00,1.06,0.00,0.00,0.00,0.00,0.00,0.00,0.00,0.00,0.00,0.00,0.00,0.00,0.00,0.00,0.00,0.00,0.00,0.00,0.00
446,0,89.000,0.03,0,0.00,0.00,0.00,0.00,0.00,0.00,0.00,0.00,0.00,0.00,0.00,0.00,0.00,0.00,0.00,0.00,0.00,0.00,0.00,0.00,0.00,0.00,0.00,0.00,0.00,0.00,0.00,0.00,0.00,0.00,0.00,0.00,0.00,0.00,0.00
447,0,89.200,0.03,0,0.00,0.00,0.11,0.01,0.38,0.00,0.39,0.13,0.53,0.70,0.60,0.05,0.00,0.00,0.00,0.00,0.00,0.00,0.00,0.00,0.00,0.00,0.00,0.00,0.00,0.00,0.00,0.00,0.00,0.00,0.00,0.00,0.00,0.00,0.00
448,0,89.400,0.93,1,0.00,0.00,0.11,0.14,0.68,0.00,0.67,0.18,1.00,1.22,1.32,0.28,0.00,0.00,0.00,0.00,0.00,0.00,1.00,0.00,1.00,0.00,0.00,0.00,0.00,0.00,0.00,0.00,0.00,0.00,0.00,0.00,0.00,0.00,0.00
449,0,89.600,0.93,1,0.00,0.00,0.11,0.19,0.93,0.00,1.06,0.18,1.38,1.67,2.05,0.62,0.00,0.00,0.00,0.00,0.00,0.00,1.00,0.00,1.00,0.00,1.00,0.00,0.00,0.00,0.00,0.00,0.00,0.00,0.00,0.00,0.00,0.00,1.00
450,0,89.800,0.93,1,0.00,0.00,0.00,0.18,0.83,0.00,1.02,0.21,1.25,1.22,2.33,0.93,0.02,0.00,0.00,0.00,0.00,0.00,1.00,0.00,1.00,0.00,1.00,0.00,0.00,0.00,0.00,0.00,0.00,0.00,0.00,0.00,0.00,0.00,1.00
451,0,90.000,0.98,1,0.00,0.00,0.00,0.05,0.83,0.00,1.10,0.32,1.12,0.91,2.48,0.87,0.13,0.00,0.00,0.00,0.00,0.00,1.00,0.00,1.00,0.00,1.00,1.00,0.00,0.00,0.00,0.00,0.00,0.00,0.00,0.00,0.00,0.00,1.00
452,0,90.200,0.98,1,0.00,0.00,0.00,0.00,0.76,0.00,0.97,0.32,0.86,0.51,2.88,0.77,0.26,0.00,0.00,0.00,0.00,0.00,1.00,0.00,1.00,0.00,1.00,1.00,0.00,0.00,0.00,0.00,0.00,0.00,0.00,0.00,0.00,0.00,1.00
453,0,90.400,0.93,1,0.00,0.00,0.00,0.00,0.55,0.00,0.89,0.36,0.47,0.25,2.35,0.40,0.24,0.09,0.00,0.00,0.00,0.00,1.00,0.00,1.00,0.00,1.00,1.00,0.00,0.00,0.00,0.00,0.00,0.00,0.00,0.00,0.00,0.00,0.00
454,0,90.600,0.98,1,0.00,0.00,0.51,0.00,0.46,0.06,1.26,0.73,0.40,0.77,1.78,0.24,0.14,0.53,0.00,0.30,0.00,0.00,1.00,0.00,0.00,0.00,1.00,1.00,0.00,0.00,0.00,0.00,0.00,0.00,0.00,0.00,0.00,0.00,1.00
455,0,90.800,0.68,0,0.00,0.00,0.51,0.00,0.28,0.06,1.00,0.73,0.28,0.73,0.66,0.00,0.00,0.53,0.00,0.30,0.00,0.00,1.00,1.00,0.00,0.00,1.00,1.00,0.00,0.00,0.00,0.00,0.00,0.00,0.00,0.00,0.00,0.00,1.00
456,0,91.000,0.03,0,0.00,0.00,0.51,0.00,0.36,0.38,1.40,0.96,0.36,0.73,0.31,0.00,0.00,0.86,0.00,0.30,0.00,0.00,1.00,1.00,0.00,0.00,1.00,1.00,1.00,0.00,0.00,0.00,0.00,0.00,0.00,0.00,0.00,0.00,0.00
457,0,91.200,0.88,1,0.00,0.00,0.00,0.00,0.40,0.67,1.29,0.91,0.11,0.13,0.00,0.00,0.00,0.67,0.00,0.00,0.05,0.00,1.00,1.00,0.00,0.00,1.00,1.00,1.00,0.00,0.00,0.00,0.00,0.00,0.00,0.00,0.00,0.00,0.00
458,0,91.400,0.98,1,0.00,0.30,0.25,0.00,0.71,0.70,2.12,1.56,0.26,0.48,0.00,0.00,0.00,1.11,0.09,0.00,0.05,0.00,1.00,1.00,0.00,0.00,1.00,1.00,1.00,0.00,0.00,0.00,0.00,0.00,0.00,0.00,0.00,0.00,0.00
459,0,91.600,0.98,1,0.00,0.30,0.64,0.04,0.56,0.89,1.59,1.61,0.26,0.63,0.00,0.00,0.00,0.96,0.09,0.00,0.05,0.00,1.00,1.00,0.00,0.00,1.00,0.00,1.00,0.00,0.00,0.00,0.00,0.00,0.00,0.00,0.00,0.00,0.00
460,0,91.800,0.88,1,0.00,0.31,0.69,0.04,0.40,0.54,1.38,1.48,0.24,0.80,0.29,0.00,0.33,0.96,0.09,0.27,0.00,0.00,1.00,1.00,0.00,0.00,1.00,0.00,1.00,0.00,0.00,0.00,0.00,0.00,0.00,0.00,0.00,0.00,0.00
461,0,92.000,0.98,1,0.00,0.01,0.68,0.23,0.09,0.93,0.98,0.95,0.13,0.81,0.46,0.21,0.33,1.31,0.00,0.76,0.00,0.00,1.00,1.00,0.00,0.00,0.00,0.00,0.00,0.00,0.00,0.00,0.00,0.00,0.00,0.00,0.00,0.00,0.00
462,0,92.200,0.98,1,0.00,0.01,0.47,0.60,0.09,0.83,1.18,0.49,0.13,0.67,0.51,0.23,0.33,2.09,0.04,1.43,0.00,0.00,1.00,1.00,0.00,0.00,0.00,0.00,0.00,0.00,0.00,0.00,0.00,0.00,0.00,0.00,0.00,1.00,0.00
463,0,92.400,0.98,1,0.00,0.00,0.67,0.82,0.00,1.12,0.79,0.56,0.13,0.55,0.45,0.23,0.00,2.15,0.04,1.16,0.00,0.00,1.00,1.00,0.00,0.00,0.00,0.00,0.00,0.00,0.00,0.00,0.00,0.00,0.00,0.00,0.00,1.00,0.00
464,0,92.600,0.88,1,0.00,0.26,0.75,0.87,0.00,0.95,0.63,0.72,0.09,0.19,0.27,0.02,0.00,1.66,0.04,0.86,0.00,0.00,1.00,1.00,0.00,0.00,0.00,0.00,0.00,0.00,0.00,0.00,0.00,0.00,0.00,0.00,0.00,0.00,0.00
465,0,92.800,0.88,1,0.00,0.47,0.73,0.71,0.06,0.54,0.57,0.76,0.00,0.29,0.23,0.00,0.00,0.62,0.00,0.19,0.20,0.00,1.00,1.00,0.00,0.00,0.00,0.00,0.00,0.00,0.00,0.00,0.00,0.00,0.00,0.00,0.00,0.00,0.00
466,0,93.000,0.98,1,0.49,0.73,0.58,0.50,0.06,0.26,0.54,0.49,0.04,0.46,0.04,0.52,0.00,0.30,0.31,0.40,0.94,1.00,1.00,1.00,0.00,0.00,0.00,0.00,0.00,0.00,0.00,0.00,0.00,0.00,0.00,0.00,0.00,0.00,0.00
467,0,93.200,0.98,1,0.49,0.67,0.34,0.55,0.06,0.00,1.02,0.72,0.28,0.62,0.04,1.30,0.13,0.40,0.31,0.78,0.96,1.00,1.00,1.00,0.00,0.00,0.00,0.00,0.00,0.00,0.00,0.00,0.00,0.00,0.00,0.00,0.00,0.00,1.00
468,0,93.400,0.88,1,0.49,0.64,0.17,0.44,0.00,0.00,1.02,0.64,0.42,1.12,0.91,1.98,0.13,1.50,0.31,1.20,0.77,1.00,1.00,1.00,0.00,0.00,0.00,1.00,0.00,0.00,0.00,0.00,1.00,0.00,0.00,0.00,0.00,0.00,1.00
469,0,93.600,0.88,1,0.04,0.49,0.20,0.66,0.00,0.00,1.35,0.50,0.40,1.40,1.91,1.99,0.25,2.92,0.00,1.42,0.19,1.00,1.00,1.00,0.00,0.00,0.00,1.00,0.00,0.00,1.00,0.00,1.00,0.00,0.00,0.00,0.00,0.00,1.00
470,0,93.800,0.88,1,0.04,0.29,0.87,0.37,0.00,0.00,1.10,0.17,0.19,1.75,2.83,2.03,0.62,3.62,0.00,1.14,0.32,1.00,1.00,1.00,0.00,0.00,0.00,1.00,0.00,0.00,1.00,0.00,1.00,0.00,0.00,0.00,0.00,0.00,1.00
471,0,94.000,0.98,1,0.04,0.11,1.39,0.41,0.00,0.00,1.32,0.49,0.05,2.07,3.05,2.42,1.02,3.66,0.00,1.07,0.38,1.00,1.00,1.00,0.00,0.00,0.00,1.00,0.00,0.00,1.00,1.00,1.00,0.00,0.00,0.00,0.00,0.00,1.00
472,0,94.200,0.98,1,0.00,0.00,1.60,0.42,0.00,0.00,1.27,0.81,0.02,2.37,3.22,2.91,1.36,3.64,0.00,0.65,0.41,1.00,0.00,1.00,0.00,0.00,0.00,1.00,0.00,0.00,1.00,1.00,1.00,0.00,0.00,0.00,0.00,0.00,1.00
473,0,94.400,0.98,1,0.00,0.15,0.86,0.42,0.00,0.00,1.10,0.88,0.14,2.48,3.78,3.40,1.18,4.01,0.00,0.35,0.30,1.00,0.00,1.00,0.00,0.00,0.00,1.00,0.00,0.00,1.00,1.00,1.00,0.00,0.00,0.00,0.00,0.00,1.00
474,0,94.600,0.88,1,0.00,0.18,0.35,0.24,0.00,0.00,1.17,0.66,0.45,2.34,3.24,3.10,0.78,3.87,0.00,0.08,0.49,1.00,0.00,1.00,0.00,0.00,0.00,1.00,0.00,0.00,1.00,1.00,1.00,0.00,0.00,0.00,0.00,0.00,1.00
475,0,94.800,0.88,1,0.00,0.19,0.31,0.01,0.00,0.00,1.71,0.97,0.86,2.29,2.09,2.84,0.48,3.06,0.00,0.47,0.66,0.00,0.00,1.00,0.00,0.00,0.00,1.00,0.00,0.00,1.00,0.00,1.00,0.00,0.00,0.00,0.00,0.00,1.00
476,0,95.000,0.88,1,0.00,0.04,0.50,0.01,0.00,0.00,2.17,1.63,1.15,2.44,0.74,2.50,0.42,2.26,0.00,0.93,0.75,0.00,0.00,1.00,0.00,0.00,0.00,1.00,1.00,0.00,1.00,0.00,1.00,1.00,0.00,0.00,0.00,0.00,1.00
477,0,95.200,0.88,1,0.00,0.01,0.59,0.00,0.00,0.00,2.32,2.48,1.29,2.17,0.30,2.74,0.75,1.99,0.00,1.17,0.49,0.00,0.00,1.00,0.00,0.00,0.00,1.00,1.00,0.00,1.00,0.00,1.00,1.00,0.00,0.00,0.00,0.00,1.00
478,0,95.400,0.88,1,0.00,0.00,0.49,0.00,0.00,0.00,2.30,2.69,1.30,1.74,0.41,3.11,0.88,2.21,0.00,1.29,0.18,0.00,0.00,1.00,0.00,0.00,0.00,1.00,1.00,0.00,1.00,0.00,1.00,1.00,0.00,0.00,0.00,0.00,1.00
479,0,95.600,0.88,1,0.00,0.00,0.41,0.00,0.00,0.00,2.31,2.81,1.30,1.32,0.49,3.49,1.06,2.27,0.00,1.33,0.06,0.00,0.00,1.00,0.00,0.00,0.00,1.00,1.00,0.00,0.00,0.00,1.00,1.00,0.00,0.00,0.00,0.00,1.00
480,0,95.800,0.88,1,0.00,0.00,0.37,0.00,0.00,0.00,2.43,2.82,1.32,1.22,0.42,3.75,1.01,2.26,0.00,1.58,0.06,0.00,0.00,1.00,0.00,0.00,0.00,1.00,1.00,0.00,0.00,0.00,1.00,1.00,0.00,0.00,0.00,0.00,1.00
481,0,96.000,0.88,1,0.00,0.00,0.23,0.00,0.00,0.00,2.41,2.97,1.32,1.29,0.29,3.81,1.00,2.11,0.00,1.64,0.00,0.00,0.00,1.00,0.00,0.00,0.00,1.00,1.00,0.00,0.00,0.00,1.00,1.00,0.00,0.00,0.00,0.00,1.00
482,0,96.200,0.88,1,0.00,0.00,0.19,0.00,0.00,0.00,2.39,2.92,1.31,1.44,0.08,3.59,0.87,2.11,0.00,1.89,0.00,0.00,0.00,1.00,0.00,0.00,0.00,1.00,1.00,0.00,0.00,0.00,1.00,1.00,0.00,0.00,0.00,0.00,1.00
483,0,96.400,0.88,1,0.00,0.00,0.28,0.00,0.00,0.00,2.27,2.90,1.28,1.49,0.09,3.45,0.84,2.10,0.00,1.95,0.00,0.00,0.00,1.00,0.00,0.00,0.00,1.00,1.00,0.00,0.00,0.00,1.00,1.00,0.00,0.00,0.00,0.00,1.00
484,0,96.600,0.88,1,0.00,0.00,0.34,0.00,0.00,0.00,2.22,2.81,1.26,1.52,0.24,3.45,0.90,2.16,0.00,1.88,0.00,0.00,0.00,1.00,0.00,0.00,0.00,1.00,1.00,0.00,0.00,0.00,1.00,1.00,0.00,0.00,0.00,0.00,1.00
485,0,96.800,0.98,1,0.00,0.00,0.41,0.00,0.00,0.00,2.14,2.85,1.21,1.47,0.60,3.45,0.89,2.17,0.00,1.66,0.00,0.00,0.00,1.00,0.00,0.00,0.00,1.00,1.00,0.00,0.00,0.00,1.00,1.00,0.00,0.00,0.00,0.00,1.00
486,0,97.000,0.88,1,0.00,0.00,0.29,0.00,0.00,0.00,2.24,2.85,1.19,1.50,0.83,3.36,0.93,2.24,0.00,1.51,0.00,0.00,0.00,1.00,0.00,0.00,0.00,1.00,1.00,0.00,0.00,0.00,1.00,1.00,0.00,0.00,0.00,0.00,1.00
487,0,97.200,0.88,1,0.00,0.00,0.16,0.00,0.00,0.00,2.35,2.80,1.20,1.43,0.71,3.25,0.85,2.23,0.00,1.65,0.00,0.00,0.00,1.00,0.00,0.00,0.00,1.00,1.00,0.00,0.00,0.00,1.00,1.00,0.00,0.00,0.00,0.00,1.00
488,0,97.400,0.88,1,0.00,0.15,0.41,0.00,0.00,0.00,2.32,2.31,1.17,1.16,0.37,3.05,0.82,2.39,0.00,1.47,0.39,0.00,0.00,1.00,0.00,0.00,0.00,1.00,1.00,0.00,0.00,0.00,1.00,1.00,0.00,0.00,0.00,0.00,1.00
489,0,97.600,0.88,1,0.00,0.15,0.38,0.00,0.00,0.05,1.51,1.57,0.86,0.89,0.27,2.19,0.53,1.62,0.06,1.13,0.77,0.00,0.00,1.00,0.00,0.00,0.00,1.00,1.00,0.00,0.00,0.00,1.00,0.00,0.00,0.00,0.00,0.00,1.00
490,0,97.800,0.98,1,0.00,0.15,0.59,0.05,0.00,0.05,0.68,1.06,0.45,0.43,0.20,1.12,0.25,1.42,0.06,0.49,0.77,0.00,0.00,1.00,0.00,0.00,0.00,0.00,1.00,0.00,0.00,0.00,0.00,0.00,0.00,0.00,0.00,0.00,0.00
491,0,98.000,0.88,1,0.04,0.52,0.58,0.23,0.08,0.05,0.30,1.09,0.11,0.24,0.19,0.20,0.00,0.68,0.41,0.24,0.38,0.00,0.00,1.00,0.00,0.00,0.00,0.00,1.00,0.00,0.00,0.00,0.00,0.00,0.00,0.00,0.00,0.00,0.00
492,0,98.200,0.88,1,0.25,1.28,0.58,0.28,0.10,0.00,0.53,1.18,0.00,0.12,0.00,0.00,0.00,0.78,0.43,0.30,0.00,0.00,0.00,0.00,0.00,0.00,0.00,0.00,0.00,0.00,0.00,0.00,0.00,0.00,0.00,0.00,0.00,0.00,0.00
493,0,98.400,0.77,1,0.25,1.28,0.37,0.24,0.10,0.00,0.53,0.83,0.00,0.12,0.00,0.00,0.00,0.26,0.43,0.30,0.00,0.00,0.00,0.00,0.00,0.00,0.00,0.00,0.00,0.00,0.00,0.00,0.00,0.00,0.00,0.00,0.00,0.00,0.00
494,0,98.600,0.03,0,0.21,0.76,0.00,0.05,0.02,0.00,0.23,0.27,0.00,0.12,0.00,0.00,0.00,0.10,0.09,0.20,0.00,0.00,0.00,0.00,0.00,0.00,0.00,0.00,0.00,0.00,0.00,0.00,0.00,0.00,0.00,0.00,0.00,0.00,0.00
495,0,98.800,0.03,0,0.00,0.00,0.00,0.00,0.00,0.00,0.00,0.00,0.00,0.00,0.00,0.00,0.00,0.00,0.00,0.00,0.00,0.00,0.00,0.00,0.00,0.00,0.00,0.00,0.00,0.00,0.00,0.00,0.00,0.00,0.00,0.00,0.00,0.00,0.00
496,0,99.000,0.03,0,0.00,0.00,0.00,0.00,0.00,0.00,0.00,0.00,0.00,0.00,0.00,0.00,0.00,0.00,0.00,0.00,0.00,0.00,0.00,0.00,0.00,0.00,0.00,0.00,0.00,0.00,0.00,0.00,0.00,0.00,0.00,0.00,0.00,0.00,0.00
497,0,99.200,0.38,0,0.00,0.00,0.00,0.00,0.00,0.00,0.00,0.00,0.00,0.00,0.00,0.00,0.00,0.00,0.00,0.00,0.00,0.00,0.00,0.00,0.00,0.00,0.00,0.00,0.00,0.00,0.00,0.00,0.00,0.00,0.00,0.00,0.00,0.00,0.00
498,0,99.400,0.03,0,0.00,0.00,0.00,0.00,0.00,0.00,0.00,0.00,0.00,0.00,0.00,0.00,0.00,0.00,0.00,0.00,0.00,0.00,0.00,0.00,0.00,0.00,0.00,0.00,0.00,0.00,0.00,0.00,0.00,0.00,0.00,0.00,0.00,0.00,0.00
499,0,99.600,0.03,0,0.00,0.00,0.00,0.00,0.00,0.00,0.00,0.00,0.00,0.00,0.00,0.00,0.00,0.00,0.00,0.00,0.00,0.00,0.00,0.00,0.00,0.00,0.00,0.00,0.00,0.00,0.00,0.00,0.00,0.00,0.00,0.00,0.00,0.00,0.00
500,0,99.800,0.03,0,0.00,0.00,0.00,0.00,0.00,0.00,0.00,0.00,0.00,0.00,0.00,0.00,0.00,0.00,0.00,0.00,0.00,0.00,0.00,0.00,0.00,0.00,0.00,0.00,0.00,0.00,0.00,0.00,0.00,0.00,0.00,0.00,0.00,0.00,0.00
501,0,100.000,0.03,0,0.00,0.00,0.00,0.00,0.00,0.00,0.00,0.00,0.00,0.00,0.00,0.00,0.00,0.00,0.00,0.00,0.00,0.00,0.00,0.00,0.00,0.00,0.00,0.00,0.00,0.00,0.00,0.00,0.00,0.00,0.00,0.00,0.00,0.00,0.00
502,0,100.200,0.03,0,0.00,0.00,0.00,0.00,0.00,0.00,0.00,0.00,0.00,0.00,0.00,0.00,0.00,0.00,0.00,0.00,0.00,0.00,0.00,0.00,0.00,0.00,0.00,0.00,0.00,0.00,0.00,0.00,0.00,0.00,0.00,0.00,0.00,0.00,0.00
503,0,100.400,0.03,0,0.00,0.00,0.00,0.00,0.00,0.00,0.00,0.00,0.00,0.00,0.00,0.00,0.00,0.00,0.00,0.00,0.00,0.00,0.00,0.00,0.00,0.00,0.00,0.00,0.00,0.00,0.00,0.00,0.00,0.00,0.00,0.00,0.00,0.00,0.00
504,0,100.600,0.03,0,0.00,0.00,0.00,0.00,0.00,0.00,0.00,0.00,0.00,0.00,0.00,0.00,0.00,0.00,0.00,0.00,0.00,0.00,0.00,0.00,0.00,0.00,0.00,0.00,0.00,0.00,0.00,0.00,0.00,0.00,0.00,0.00,0.00,0.00,0.00
505,0,100.800,0.03,0,0.00,0.00,0.00,0.00,0.00,0.00,0.00,0.00,0.00,0.00,0.00,0.00,0.00,0.00,0.00,0.00,0.00,0.00,0.00,0.00,0.00,0.00,0.00,0.00,0.00,0.00,0.00,0.00,0.00,0.00,0.00,0.00,0.00,0.00,0.00
506,0,101.000,0.03,0,0.00,0.00,0.00,0.00,0.00,0.00,0.00,0.00,0.00,0.00,0.00,0.00,0.00,0.00,0.00,0.00,0.00,0.00,0.00,0.00,0.00,0.00,0.00,0.00,0.00,0.00,0.00,0.00,0.00,0.00,0.00,0.00,0.00,0.00,0.00
507,0,101.200,0.03,0,0.00,0.00,0.00,0.00,0.00,0.00,0.00,0.00,0.00,0.00,0.00,0.00,0.00,0.00,0.00,0.00,0.00,0.00,0.00,0.00,0.00,0.00,0.00,0.00,0.00,0.00,0.00,0.00,0.00,0.00,0.00,0.00,0.00,0.00,0.00
508,0,101.400,0.03,0,0.00,0.00,0.00,0.00,0.00,0.00,0.00,0.00,0.00,0.00,0.00,0.00,0.00,0.00,0.00,0.00,0.00,0.00,0.00,0.00,0.00,0.00,0.00,0.00,0.00,0.00,0.00,0.00,0.00,0.00,0.00,0.00,0.00,0.00,0.00
509,0,101.600,0.03,0,0.00,0.00,0.00,0.00,0.00,0.00,0.00,0.00,0.00,0.00,0.00,0.00,0.00,0.00,0.00,0.00,0.00,0.00,0.00,0.00,0.00,0.00,0.00,0.00,0.00,0.00,0.00,0.00,0.00,0.00,0.00,0.00,0.00,0.00,0.00
510,0,101.800,0.03,0,0.00,0.00,0.00,0.00,0.00,0.00,0.00,0.00,0.00,0.00,0.00,0.00,0.00,0.00,0.00,0.00,0.00,0.00,0.00,0.00,0.00,0.00,0.00,0.00,0.00,0.00,0.00,0.00,0.00,0.00,0.00,0.00,0.00,0.00,0.00
511,0,102.000,0.03,0,0.00,0.00,0.00,0.00,0.00,0.00,0.00,0.00,0.00,0.00,0.00,0.00,0.00,0.00,0.00,0.00,0.00,0.00,0.00,0.00,0.00,0.00,0.00,0.00,0.00,0.00,0.00,0.00,0.00,0.00,0.00,0.00,0.00,0.00,0.00
512,0,102.200,0.03,0,0.00,0.00,0.00,0.00,0.00,0.00,0.00,0.00,0.00,0.00,0.00,0.00,0.00,0.00,0.00,0.00,0.00,0.00,0.00,0.00,0.00,0.00,0.00,0.00,0.00,0.00,0.00,0.00,0.00,0.00,0.00,0.00,0.00,0.00,0.00
513,0,102.400,0.03,0,0.00,0.00,0.00,0.00,0.00,0.00,0.00,0.00,0.00,0.00,0.00,0.00,0.00,0.00,0.00,0.00,0.00,0.00,0.00,0.00,0.00,0.00,0.00,0.00,0.00,0.00,0.00,0.00,0.00,0.00,0.00,0.00,0.00,0.00,0.00
514,0,102.600,0.03,0,0.00,0.00,0.00,0.00,0.00,0.00,0.00,0.00,0.00,0.00,0.00,0.00,0.00,0.00,0.00,0.00,0.00,0.00,0.00,0.00,0.00,0.00,0.00,0.00,0.00,0.00,0.00,0.00,0.00,0.00,0.00,0.00,0.00,0.00,0.00
515,0,102.800,0.03,0,0.00,0.00,0.00,0.00,0.00,0.00,0.00,0.00,0.00,0.00,0.00,0.00,0.00,0.00,0.00,0.00,0.00,0.00,0.00,0.00,0.00,0.00,0.00,0.00,0.00,0.00,0.00,0.00,0.00,0.00,0.00,0.00,0.00,0.00,0.00
516,0,103.000,0.03,0,0.00,0.00,0.00,0.00,0.00,0.00,0.00,0.00,0.00,0.00,0.00,0.00,0.00,0.00,0.00,0.00,0.00,0.00,0.00,0.00,0.00,0.00,0.00,0.00,0.00,0.00,0.00,0.00,0.00,0.00,0.00,0.00,0.00,0.00,0.00
517,0,103.200,0.03,0,0.00,0.00,0.00,0.00,0.00,0.00,0.00,0.00,0.00,0.00,0.00,0.00,0.00,0.00,0.00,0.00,0.00,0.00,0.00,0.00,0.00,0.00,0.00,0.00,0.00,0.00,0.00,0.00,0.00,0.00,0.00,0.00,0.00,0.00,0.00
518,0,103.400,0.03,0,0.00,0.00,0.00,0.00,0.00,0.00,0.00,0.00,0.00,0.00,0.00,0.00,0.00,0.00,0.00,0.00,0.00,0.00,0.00,0.00,0.00,0.00,0.00,0.00,0.00,0.00,0.00,0.00,0.00,0.00,0.00,0.00,0.00,0.00,0.00
519,0,103.600,0.03,0,0.00,0.00,0.00,0.00,0.00,0.00,0.00,0.00,0.00,0.00,0.00,0.00,0.00,0.00,0.00,0.00,0.00,0.00,0.00,0.00,0.00,0.00,0.00,0.00,0.00,0.00,0.00,0.00,0.00,0.00,0.00,0.00,0.00,0.00,0.00
520,0,103.800,0.03,0,0.00,0.00,0.00,0.00,0.00,0.00,0.00,0.00,0.00,0.00,0.00,0.00,0.00,0.00,0.00,0.00,0.00,0.00,0.00,0.00,0.00,0.00,0.00,0.00,0.00,0.00,0.00,0.00,0.00,0.00,0.00,0.00,0.00,0.00,0.00
521,0,104.000,0.03,0,0.00,0.00,0.00,0.00,0.00,0.00,0.00,0.00,0.00,0.00,0.00,0.00,0.00,0.00,0.00,0.00,0.00,0.00,0.00,0.00,0.00,0.00,0.00,0.00,0.00,0.00,0.00,0.00,0.00,0.00,0.00,0.00,0.00,0.00,0.00
522,0,104.200,0.03,0,0.00,0.00,0.00,0.00,0.00,0.00,0.00,0.00,0.00,0.00,0.00,0.00,0.00,0.00,0.00,0.00,0.00,0.00,0.00,0.00,0.00,0.00,0.00,0.00,0.00,0.00,0.00,0.00,0.00,0.00,0.00,0.00,0.00,0.00,0.00
523,0,104.400,0.03,0,0.00,0.00,0.00,0.00,0.00,0.00,0.00,0.00,0.00,0.00,0.00,0.00,0.00,0.00,0.00,0.00,0.00,0.00,0.00,0.00,0.00,0.00,0.00,0.00,0.00,0.00,0.00,0.00,0.00,0.00,0.00,0.00,0.00,0.00,0.00
524,0,104.600,0.03,0,0.00,0.00,0.00,0.00,0.00,0.00,0.00,0.00,0.00,0.00,0.00,0.00,0.00,0.00,0.00,0.00,0.00,0.00,0.00,0.00,0.00,0.00,0.00,0.00,0.00,0.00,0.00,0.00,0.00,0.00,0.00,0.00,0.00,0.00,0.00
525,0,104.800,0.03,0,0.00,0.00,0.00,0.00,0.00,0.00,0.00,0.00,0.00,0.00,0.00,0.00,0.00,0.00,0.00,0.00,0.00,0.00,0.00,0.00,0.00,0.00,0.00,0.00,0.00,0.00,0.00,0.00,0.00,0.00,0.00,0.00,0.00,0.00,0.00
526,0,105.000,0.03,0,0.00,0.00,0.00,0.00,0.00,0.00,0.00,0.00,0.00,0.00,0.00,0.00,0.00,0.00,0.00,0.00,0.00,0.00,0.00,0.00,0.00,0.00,0.00,0.00,0.00,0.00,0.00,0.00,0.00,0.00,0.00,0.00,0.00,0.00,0.00
527,0,105.200,0.03,0,0.00,0.00,0.00,0.00,0.00,0.00,0.00,0.00,0.00,0.00,0.00,0.00,0.00,0.00,0.00,0.00,0.00,0.00,0.00,0.00,0.00,0.00,0.00,0.00,0.00,0.00,0.00,0.00,0.00,0.00,0.00,0.00,0.00,0.00,0.00
528,0,105.400,0.03,0,0.00,0.00,0.00,0.00,0.00,0.00,0.00,0.00,0.00,0.00,0.00,0.00,0.00,0.00,0.00,0.00,0.00,0.00,0.00,0.00,0.00,0.00,0.00,0.00,0.00,0.00,0.00,0.00,0.00,0.00,0.00,0.00,0.00,0.00,0.00
529,0,105.600,0.03,0,0.00,0.00,0.00,0.00,0.00,0.00,0.00,0.00,0.00,0.00,0.00,0.00,0.00,0.00,0.00,0.00,0.00,0.00,0.00,0.00,0.00,0.00,0.00,0.00,0.00,0.00,0.00,0.00,0.00,0.00,0.00,0.00,0.00,0.00,0.00
530,0,105.800,0.03,0,0.00,0.00,0.00,0.00,0.00,0.00,0.00,0.00,0.00,0.00,0.00,0.00,0.00,0.00,0.00,0.00,0.00,0.00,0.00,0.00,0.00,0.00,0.00,0.00,0.00,0.00,0.00,0.00,0.00,0.00,0.00,0.00,0.00,0.00,0.00
531,0,106.000,0.03,0,0.00,0.00,0.00,0.00,0.00,0.00,0.00,0.00,0.00,0.00,0.00,0.00,0.00,0.00,0.00,0.00,0.00,0.00,0.00,0.00,0.00,0.00,0.00,0.00,0.00,0.00,0.00,0.00,0.00,0.00,0.00,0.00,0.00,0.00,0.00
532,0,106.200,0.03,0,0.00,0.00,0.00,0.00,0.00,0.00,0.00,0.00,0.00,0.00,0.00,0.00,0.00,0.00,0.00,0.00,0.00,0.00,0.00,0.00,0.00,0.00,0.00,0.00,0.00,0.00,0.00,0.00,0.00,0.00,0.00,0.00,0.00,0.00,0.00
533,0,106.400,0.03,0,0.00,0.00,0.00,0.00,0.00,0.00,0.00,0.00,0.00,0.00,0.00,0.00,0.00,0.00,0.00,0.00,0.00,0.00,0.00,0.00,0.00,0.00,0.00,0.00,0.00,0.00,0.00,0.00,0.00,0.00,0.00,0.00,0.00,0.00,0.00
534,0,106.600,0.03,0,0.00,0.00,0.00,0.00,0.00,0.00,0.00,0.00,0.00,0.00,0.00,0.00,0.00,0.00,0.00,0.00,0.00,0.00,0.00,0.00,0.00,0.00,0.00,0.00,0.00,0.00,0.00,0.00,0.00,0.00,0.00,0.00,0.00,0.00,0.00
535,0,106.800,0.03,0,0.00,0.00,0.00,0.00,0.00,0.00,0.00,0.00,0.00,0.00,0.00,0.00,0.00,0.00,0.00,0.00,0.00,0.00,0.00,0.00,0.00,0.00,0.00,0.00,0.00,0.00,0.00,0.00,0.00,0.00,0.00,0.00,0.00,0.00,0.00
536,0,107.000,0.03,0,0.00,0.00,0.00,0.00,0.00,0.00,0.00,0.00,0.00,0.00,0.00,0.00,0.00,0.00,0.00,0.00,0.00,0.00,0.00,0.00,0.00,0.00,0.00,0.00,0.00,0.00,0.00,0.00,0.00,0.00,0.00,0.00,0.00,0.00,0.00
537,0,107.200,0.03,0,0.00,0.00,0.00,0.00,0.00,0.00,0.00,0.00,0.00,0.00,0.00,0.00,0.00,0.00,0.00,0.00,0.00,0.00,0.00,0.00,0.00,0.00,0.00,0.00,0.00,0.00,0.00,0.00,0.00,0.00,0.00,0.00,0.00,0.00,0.00
538,0,107.400,0.03,0,0.00,0.00,0.00,0.00,0.00,0.00,0.00,0.00,0.00,0.00,0.00,0.00,0.00,0.00,0.00,0.00,0.00,0.00,0.00,0.00,0.00,0.00,0.00,0.00,0.00,0.00,0.00,0.00,0.00,0.00,0.00,0.00,0.00,0.00,0.00
539,0,107.600,0.03,0,1.34,1.67,0.00,1.04,0.00,0.89,0.00,0.28,0.55,0.79,0.00,0.74,0.00,1.67,0.00,0.55,0.00,0.00,0.00,0.00,0.00,0.00,0.00,0.00,0.00,0.00,0.00,0.00,0.00,0.00,0.00,0.00,0.00,0.00,0.00
540,0,107.800,0.98,1,1.34,1.67,0.00,1.16,0.04,1.89,0.26,0.28,0.55,1.18,0.59,0.81,0.00,3.18,0.00,0.91,0.00,0.00,1.00,0.00,0.00,0.00,0.00,0.00,0.00,0.00,0.00,0.00,0.00,0.00,0.00,0.00,0.00,0.00,0.00
541,0,108.000,0.98,1,1.34,1.67,0.01,1.16,0.04,1.89,0.26,0.64,0.60,1.18,0.64,0.81,0.00,3.18,0.41,1.11,0.23,0.00,1.00,0.00,0.00,0.00,0.00,0.00,0.00,0.00,0.00,0.00,0.00,0.00,0.00,0.00,0.00,0.00,0.00
542,0,108.200,0.98,1,0.00,0.00,0.01,0.11,0.04,1.00,0.26,0.39,0.07,0.49,0.72,0.07,0.00,1.52,0.41,0.56,0.39,0.00,1.00,0.00,0.00,0.00,0.00,0.00,0.00,0.00,0.00,0.00,0.00,0.00,0.00,0.00,0.00,0.00,0.00
543,0,108.400,0.98,1,0.00,0.29,0.01,0.00,0.00,0.00,0.00,0.40,0.16,0.36,0.17,0.00,0.00,0.00,0.41,0.20,0.52,0.00,1.00,0.00,0.00,0.00,0.00,0.00,0.00,0.00,1.00,0.00,0.00,0.00,0.00,0.00,0.00,0.00,0.00
544,0,108.600,0.98,1,0.00,1.13,0.00,0.00,0.00,0.10,0.00,0.04,0.15,0.88,0.12,0.01,0.00,0.08,0.00,0.00,0.29,0.00,1.00,0.00,0.00,0.00,0.00,0.00,0.00,0.00,1.00,0.00,0.00,0.00,0.00,0.00,0.00,0.00,0.00
545,0,108.800,0.98,1,0.00,1.40,0.01,0.00,0.03,0.10,0.04,0.16,0.28,1.12,0.04,0.09,0.00,0.15,0.00,0.00,0.13,0.00,1.00,0.00,0.00,0.00,0.00,0.00,0.00,0.00,1.00,0.00,0.00,0.00,0.00,0.00,0.00,0.00,0.00
546,0,109.000,0.98,1,0.63,1.65,0.51,0.00,0.03,0.10,0.04,0.65,0.22,1.48,0.00,0.56,0.00,0.35,0.00,0.18,0.00,0.00,1.00,0.00,0.00,0.00,1.00,0.00,0.00,0.00,1.00,0.00,0.00,0.00,0.00,0.00,0.00,0.00,0.00
547,0,109.200,0.98,1,0.89,1.22,1.13,0.00,0.15,0.06,0.04,0.99,0.32,1.29,0.00,0.97,0.00,0.85,0.00,0.37,0.00,1.00,1.00,0.00,0.00,0.00,1.00,0.00,1.00,0.00,1.00,0.00,1.00,0.00,0.00,0.00,0.00,0.00,0.00
548,0,109.400,0.98,1,0.89,0.95,1.94,0.00,0.19,0.06,0.00,1.09,0.48,1.31,0.00,1.56,0.00,2.06,0.00,0.37,0.00,1.00,1.00,0.00,0.00,0.00,1.00,0.00,1.00,0.00,1.00,0.00,1.00,0.00,0.00,0.00,0.00,0.00,0.00
549,0,109.600,0.88,1,0.26,0.41,2.36,0.00,0.35,0.06,0.00,1.08,0.75,1.04,0.00,1.77,0.00,3.53,0.00,0.25,0.00,1.00,0.00,1.00,0.00,0.00,1.00,0.00,1.00,0.00,1.00,0.00,1.00,0.00,0.00,0.00,0.00,1.00,0.00
550,0,109.800,0.77,1,0.00,0.00,2.33,0.00,0.22,0.10,0.00,1.09,0.86,0.88,0.00,1.56,0.00,4.61,0.00,0.28,0.00,1.00,0.00,1.00,1.00,0.00,1.00,0.00,1.00,0.00,1.00,0.00,1.00,0.00,0.00,0.00,1.00,1.00,0.00
551,0,110.000,0.77,1,0.00,0.00,2.23,0.00,0.16,0.13,0.00,1.12,0.64,1.17,0.00,1.47,0.09,4.79,0.00,0.68,0.00,0.00,0.00,1.00,1.00,0.00,1.00,0.00,1.00,0.00,1.00,0.00,1.00,0.00,0.00,0.00,1.00,1.00,0.00
552,0,110.200,0.77,1,0.00,0.00,1.60,0.00,0.00,0.13,0.00,0.63,0.55,2.05,0.00,1.37,0.09,4.14,0.42,1.18,0.00,0.00,0.00,1.00,1.00,0.00,1.00,0.00,0.00,1.00,1.00,0.00,1.00,0.00,0.00,0.00,1.00,1.00,0.00
553,0,110.400,0.93,1,0.00,0.08,1.16,0.11,0.00,0.03,0.00,0.27,0.39,2.66,0.00,1.57,0.09,3.37,0.92,1.56,0.00,0.00,0.00,1.00,1.00,0.00,0.00,0.00,0.00,1.00,1.00,0.00,1.00,0.00,0.00,0.00,1.00,1.00,0.00
554,0,110.600,0.93,1,0.00,0.26,0.81,0.48,0.04,0.00,0.00,0.00,0.50,2.91,0.00,1.29,0.05,2.55,1.36,1.81,0.00,0.00,1.00,0.00,1.00,0.00,0.00,0.00,0.00,1.00,1.00,0.00,0.00,0.00,0.00,0.00,1.00,1.00,0.00
555,0,110.800,0.93,1,0.00,0.42,0.80,0.94,0.07,0.00,0.00,0.00,0.43,2.49,0.00,0.97,0.15,1.98,1.60,1.88,0.00,0.00,1.00,0.00,1.00,0.00,0.00,0.00,0.00,0.00,1.00,0.00,0.00,0.00,1.00,0.00,1.00,1.00,0.00
556,0,111.000,0.93,1,0.00,0.50,0.97,1.18,0.16,0.00,0.00,0.00,0.42,2.40,0.00,0.87,0.35,1.53,1.87,1.76,0.00,0.00,1.00,0.00,1.00,0.00,0.00,0.00,0.00,0.00,1.00,0.00,0.00,1.00,1.00,1.00,1.00,1.00,0.00
557,0,111.200,0.98,1,0.00,0.32,0.91,1.09,0.23,0.00,0.00,0.00,0.28,2.08,0.00,0.96,0.71,1.33,2.11,1.75,0.00,0.00,1.00,0.00,1.00,0.00,0.00,0.00,0.00,0.00,1.00,0.00,0.00,1.00,1.00,1.00,1.00,1.00,0.00
558,0,111.400,0.93,1,0.00,0.18,0.96,0.96,0.31,0.00,0.00,0.00,0.14,1.78,0.00,1.01,1.03,1.31,2.04,1.68,0.00,0.00,1.00,0.00,1.00,0.00,0.00,0.00,0.00,0.00,1.00,0.00,0.00,1.00,1.00,1.00,1.00,1.00,0.00
559,0,111.600,0.93,1,0.01,0.03,0.98,1.00,0.32,0.00,0.00,0.00,0.00,1.52,0.00,0.93,1.27,1.28,1.75,1.67,0.00,1.00,1.00,0.00,0.00,0.00,0.00,0.00,0.00,0.00,1.00,0.00,0.00,1.00,1.00,1.00,1.00,1.00,0.00
